Name,Platform,Size,Date,Store,
Concrete Genie,PS4,12138774528,2/2/2021,https://store.playstation.com/en-us/product/UP9000-CUSA11834_00-CONCRETEGENIE000,
AWE,PS4,,2/2/2021,https://store.playstation.com/en-us/product/UP4040-PPSA01949_00-CONTROLUEPS50000,
Control,PS4,24446894080,2/2/2021,https://store.playstation.com/en-us/product/UP4040-PPSA01949_00-CONTROLUEPS50000,
The Foundation,PS4,,2/2/2021,https://store.playstation.com/en-us/product/UP4040-PPSA01949_00-CONTROLUEPS50000,
PlayStation® 2020 Wrap-Up Theme,PS4,27525120,2/2/2021,https://store.playstation.com/en-us/product/UT0016-CUSA06833_00-PS2020WRAPUPTHME,
GreedFall,PS4,10898046976,1/6/2021,https://store.playstation.com/en-us/product/UP4133-CUSA14211_00-GREEDFALL0000000,
Shadow of the Tomb Raider,PS4,30533222400,1/6/2021,https://store.playstation.com/en-us/product/UP0082-CUSA10938_00-SHADOWTOMBRAIDER,
PeacockTV,PS4,117374976,1/4/2021,https://store.playstation.com/en-us/product/UP8862-CUSA20387_00-PEACOCKTVSTPS4US,
Sunset Harbor,PS4,,12/21/2020,https://store.playstation.com/en-us/product/UP4139-CUSA06548_00-CSSUNSETHARBORNA,
HBO Max,PS4,58654720,12/13/2020,https://store.playstation.com/en-us/product/UP2084-CUSA05223_00-HBONOWPS40000000,
Worms Rumble,PS4,2688155648,12/1/2020,https://store.playstation.com/en-us/product/UP4064-PPSA01527_00-6386505284144437,
RocketArena,PS4,8046772224,12/1/2020,https://store.playstation.com/en-us/product/UP0006-CUSA18630_00-ROCKETARENAMATCH,
Just Cause 4,PS4,43538120704,12/1/2020,https://store.playstation.com/en-us/product/UP0082-CUSA09254_00-JC40000000000000,
The Lord of the Rings - Adventure Card Game,PS4,2447048704,11/30/2020,https://store.playstation.com/en-us/product/UP4744-CUSA15785_00-LOTRLCG000000000,
Assassin's Creed Valhalla -  Season Pass Mission,PS4,1114112,11/15/2020,https://store.playstation.com/en-us/product/UP0001-CUSA18522_00-EXPANSIONPASS000,
Assassin's Creed Valhalla - The Way of the Berserker,PS4,1114112,11/15/2020,https://store.playstation.com/en-us/product/UP0001-CUSA18522_00-ULCQUEST00000001,
The Bright Lord,PS4,1048576,11/9/2020,https://store.playstation.com/en-us/product/UP1018-CUSA00102_00-THEBRIGHTLORDDL2,
Captain of the Watch Character Skin,PS4,1572864,10/31/2020,https://store.playstation.com/en-us/product/UP1018-CUSA00102_00-CAPTAINOFBG00001,
Deadly Archer Rune,PS4,1572864,10/31/2020,https://store.playstation.com/en-us/product/UP1018-CUSA00102_00-DEADLYARCHER0001,
Hidden Blade Rune,PS4,1572864,10/31/2020,https://store.playstation.com/en-us/product/UP1018-CUSA00102_00-HIDDENBLADE00001,
Blood Hunters Warband,PS4,1048576,10/31/2020,https://store.playstation.com/en-us/product/UP1018-CUSA00102_00-BLOODYHUNTERS001,
Orc Slayer Rune,PS4,1572864,10/31/2020,https://store.playstation.com/en-us/product/UP1018-CUSA00102_00-ORCSLAYER0000001,
Rising Storm Rune,PS4,1572864,10/31/2020,https://store.playstation.com/en-us/product/UP1018-CUSA00102_00-RISINGSTORM00001,
Berserks Warband,PS4,1048576,10/31/2020,https://store.playstation.com/en-us/product/UP1018-CUSA00102_00-THEBERSERKS00001,
Lord of the Hunt,PS4,1048576,10/31/2020,https://store.playstation.com/en-us/product/UP1018-CUSA00102_00-LORDOFTHEHUNTDL1,
Skull Crushers Warband,PS4,1048576,10/31/2020,https://store.playstation.com/en-us/product/UP1018-CUSA00102_00-SKULLCRUSHERS001,
Flame of Anor Rune,PS4,1572864,10/31/2020,https://store.playstation.com/en-us/product/UP1018-CUSA00102_00-FLAMEOFARNOR0001,
Flesh Burners Warband,PS4,1048576,10/31/2020,https://store.playstation.com/en-us/product/UP1018-CUSA00102_00-FLESHBURNERS0001,
The Dark Ranger Character Skin,PS4,1572864,10/31/2020,https://store.playstation.com/en-us/product/UP1018-CUSA00102_00-DARKRANGER000001,
Test of Wisdom,PS4,1572864,10/31/2020,https://store.playstation.com/en-us/product/UP1018-CUSA00102_00-MESOMSEASONPASS1,
Endless Challenge,PS4,1048576,10/31/2020,https://store.playstation.com/en-us/product/UP1018-CUSA00102_00-MESOMSEASONPASS1,
Test of Speed,PS4,1048576,10/31/2020,https://store.playstation.com/en-us/product/UP1018-CUSA00102_00-MESOMSEASONPASS1,
Guardians of the Flaming Eye,PS4,1572864,10/31/2020,https://store.playstation.com/en-us/product/UP1018-CUSA00102_00-MESOMSEASONPASS1,
Test of Power,PS4,1572864,10/31/2020,https://store.playstation.com/en-us/product/UP1018-CUSA00102_00-MESOMSEASONPASS1,
The Power of Shadow,PS4,1048576,10/31/2020,https://store.playstation.com/en-us/product/UP1018-CUSA00102_00-POWEROFSHADOW001,
Vampyr,PS4,14208139264,10/14/2020,https://store.playstation.com/en-us/product/UP4133-CUSA03293_00-000000VAMPYRGAME,
Need for Speed™ Payback,PS4,19256442880,10/14/2020,https://store.playstation.com/en-us/product/UP0006-CUSA05999_00-NFS1800000000001,
STREET FIGHTER V,PS4,6396248064,10/2/2020,https://store.playstation.com/en-us/product/UP0102-CUSA01200_00-SF5FULLGAME00000,
PLAYERUNKNOWN'S BATTLEGROUNDS,PS4,9999999999999,10/2/2020,https://store.playstation.com/en-us/product/UP5082-CUSA14081_00-PTSBUN0000000000,
PUBG - Public Test Server,PS4,20316422144,10/2/2020,https://store.playstation.com/en-us/product/UP5082-CUSA14081_00-PTSBUN0000000000,
Rocket League® - PlayStation®Plus Pack,PS4,,9/24/2020,https://store.playstation.com/en-us/product/UP2002-CUSA01163_00-RLPSPLUSUS010000,
Fall Guys: Ultimate Knockout,PS4,3949985792,8/31/2020,https://store.playstation.com/en-us/product/UP3643-CUSA17711_00-FALLGUYSPS4US000,
FEZ,PS4,232587264,8/7/2020,https://store.playstation.com/en-us/product/UP4427-PCSE00404_00-FEZTHEGAMEPOLYTR,
Call of Duty®: Modern Warfare® 2 Campaign Remastered,PS4,47569436672,7/29/2020,https://store.playstation.com/en-us/product/UP0002-CUSA09249_00-CODMW2RIGC000001,
Switchblade,PS4,2504654848,7/10/2020,https://store.playstation.com/en-us/product/UP1525-CUSA13114_00-SWITCHBLADE00000,
Rise of the Tomb Raider,PS4,15993929728,7/7/2020,https://store.playstation.com/en-us/product/UP0082-CUSA05794_00-RISEOFTOMBRAIDER,
Erica,PS4,40158953472,7/7/2020,https://store.playstation.com/en-us/product/UP9000-CUSA11655_00-ERICA00000000000,
NBA 2K20,PS4,48632299520,7/7/2020,https://store.playstation.com/en-us/product/UP1001-CUSA16310_00-NBA2K20000000000,
PlayStation®Plus 10th Anniversary Theme,PS4,7012352,7/3/2020,https://store.playstation.com/en-us/product/UT0016-CUSA06833_00-PSPLUSANNIVTHEME,
Slaughter Tribe Expansion,PS4,1572864,6/4/2020,https://store.playstation.com/en-us/product/UP1018-CUSA04408_00-TRIBESLAUGHTER01,
Outlaw Tribe Expansion,PS4,1572864,6/4/2020,https://store.playstation.com/en-us/product/UP1018-CUSA04408_00-TRIBEBLACKGUARD1,
Shadow of War - 4K Cinematic Pack,PS4,25542918144,6/4/2020,https://store.playstation.com/en-us/product/UP1018-CUSA04408_00-KRAKENXHDCINEMAT,
Middle-earth™: Shadow of War™ 4K DoM Cinematics,PS4,1952776192,6/4/2020,https://store.playstation.com/en-us/product/UP1018-CUSA04408_00-HDLITHLAD0000001,
The Blade of Galadriel Story Expansion,PS4,1273430016,6/4/2020,https://store.playstation.com/en-us/product/UP1018-CUSA04408_00-BLADEOFGALADRIEL,
The Desolation of Mordor Story Expansion,PS4,1258946560,6/4/2020,https://store.playstation.com/en-us/product/UP1018-CUSA04408_00-LITHLAD000000001,
FINAL FANTASY VII REMAKE Tifa Dynamic Theme,PS4,19726336,6/2/2020,https://store.playstation.com/en-us/product/UP0082-CUSA07211_00-DYNAMICTIFATHEME,
STAR WARS™ Battlefront™ II,PS4,48421928960,6/2/2020,https://store.playstation.com/en-us/product/UP0006-CUSA05770_00-BATTLEFRONTII000,
Red Dead Redemption 2 SHAREfactory™ Theme,PS4,105316352,5/28/2020,https://store.playstation.com/en-us/product/UP1004-CUSA03041_00-UTH0000000007503,
RED DEAD REDEMPTION 2 PEARSON AVATAR,PS4,,5/28/2020,https://store.playstation.com/en-us/product/UP1004-CUSA03041_00-AV00000000000023,
RED DEAD REDEMPTION 2 OFFICIAL ART 3 AVATAR,PS4,,5/28/2020,https://store.playstation.com/en-us/product/UP1004-CUSA03041_00-AV00000000000022,
RED DEAD REDEMPTION 2 ROCKSTAR LOGO AVATAR,PS4,,5/28/2020,https://store.playstation.com/en-us/product/UP1004-CUSA03041_00-AV00000000000025,
RED DEAD REDEMPTION 2 REVEREND SWANSON AVATAR,PS4,,5/28/2020,https://store.playstation.com/en-us/product/UP1004-CUSA03041_00-AV00000000000024,
RED DEAD REDEMPTION 2 SEAN MACGUIRE AVATAR,PS4,,5/28/2020,https://store.playstation.com/en-us/product/UP1004-CUSA03041_00-AV00000000000027,
RED DEAD REDEMPTION 2 SADIE ADLER AVATAR,PS4,,5/28/2020,https://store.playstation.com/en-us/product/UP1004-CUSA03041_00-AV00000000000026,
RED DEAD REDEMPTION 2 TILLY JACKSON AVATAR,PS4,,5/28/2020,https://store.playstation.com/en-us/product/UP1004-CUSA03041_00-AV00000000000029,
RED DEAD REDEMPTION 2: SUSAN GRIMSHAW AVATAR,PS4,,5/28/2020,https://store.playstation.com/en-us/product/UP1004-CUSA03041_00-AV00000000000028,
RED DEAD REDEMPTION 2 UNCLE AVATAR,PS4,,5/28/2020,https://store.playstation.com/en-us/product/UP1004-CUSA03041_00-AV00000000000030,
RED DEAD REDEMPTION 2 LENNY SUMMERS AVATAR,PS4,,5/28/2020,https://store.playstation.com/en-us/product/UP1004-CUSA03041_00-AV00000000000014,
RED DEAD REDEMPTION 2 KAREN JONES AVATAR,PS4,,5/28/2020,https://store.playstation.com/en-us/product/UP1004-CUSA03041_00-AV00000000000013,
RED DEAD REDEMPTION 2 LOGO AVATAR,PS4,,5/28/2020,https://store.playstation.com/en-us/product/UP1004-CUSA03041_00-AV00000000000016,
RED DEAD REDEMPTION 2 LEOPOLD STRAUSS AVATAR,PS4,,5/28/2020,https://store.playstation.com/en-us/product/UP1004-CUSA03041_00-AV00000000000015,
RED DEAD REDEMPTION 2 MICAH BELL AVATAR,PS4,,5/28/2020,https://store.playstation.com/en-us/product/UP1004-CUSA03041_00-AV00000000000018,
RED DEAD REDEMPTION 2 MARY-BETH GASKILL AVATAR,PS4,,5/28/2020,https://store.playstation.com/en-us/product/UP1004-CUSA03041_00-AV00000000000017,
RED DEAD REDEMPTION 2 MOLLY O’SHEA AVATAR,PS4,,5/28/2020,https://store.playstation.com/en-us/product/UP1004-CUSA03041_00-AV00000000000019,
RED DEAD REDEMPTION 2 OFFICIAL ART 2 AVATAR,PS4,,5/28/2020,https://store.playstation.com/en-us/product/UP1004-CUSA03041_00-AV00000000000021,
RED DEAD REDEMPTION 2 OFFICIAL ART 1 AVATAR,PS4,,5/28/2020,https://store.playstation.com/en-us/product/UP1004-CUSA03041_00-AV00000000000020,
RED DEAD REDEMPTION 2 JOSIAH TRELAWNY AVATAR,PS4,,5/28/2020,https://store.playstation.com/en-us/product/UP1004-CUSA03041_00-AV00000000000012,
Red Dead Redemption 2 Theme,PS4,15794176,5/28/2020,https://store.playstation.com/en-us/product/UP1004-CUSA03041_00-UTH0000000007495,
RED DEAD REDEMPTION 2 ABIGAIL ROBERTS AVATAR,PS4,,5/28/2020,https://store.playstation.com/en-us/product/UP1004-CUSA03041_00-AV00000000000003,
RED DEAD REDEMPTION 2 BILL WILLIAMSON AVATAR,PS4,,5/28/2020,https://store.playstation.com/en-us/product/UP1004-CUSA03041_00-AV00000000000005,
RED DEAD REDEMPTION 2 ARTHUR MORGAN AVATAR,PS4,,5/28/2020,https://store.playstation.com/en-us/product/UP1004-CUSA03041_00-AV00000000000004,
RED DEAD REDEMPTION 2 DUTCH VAN DER LINDE AVATAR,PS4,,5/28/2020,https://store.playstation.com/en-us/product/UP1004-CUSA03041_00-AV00000000000007,
RED DEAD REDEMPTION 2 CHARLES SMITH AVATAR,PS4,,5/28/2020,https://store.playstation.com/en-us/product/UP1004-CUSA03041_00-AV00000000000006,
RED DEAD REDEMPTION 2 JACK MARSTON AVATAR,PS4,,5/28/2020,https://store.playstation.com/en-us/product/UP1004-CUSA03041_00-AV00000000000009,
RED DEAD REDEMPTION 2 HOSEA MATTHEWS AVATAR,PS4,,5/28/2020,https://store.playstation.com/en-us/product/UP1004-CUSA03041_00-AV00000000000008,
RED DEAD REDEMPTION 2 JAVIER ESCUELLA AVATAR,PS4,,5/28/2020,https://store.playstation.com/en-us/product/UP1004-CUSA03041_00-AV00000000000010,
RED DEAD REDEMPTION 2 JOHN MARSTON AVATAR,PS4,,5/28/2020,https://store.playstation.com/en-us/product/UP1004-CUSA03041_00-AV00000000000011,
Call of Duty®: WWII,PS4,47999549440,5/27/2020,https://store.playstation.com/en-us/product/UP0002-CUSA05969_00-CODWWIIGAMEIGC01,
Mafia III: Sign of the Times,PS4,1105592320,5/19/2020,https://store.playstation.com/en-us/product/UP1001-CUSA03652_00-MAFIA3DLCSIGNOTT,
Mafia III: Stones Unturned,PS4,1717764096,5/19/2020,https://store.playstation.com/en-us/product/UP1001-CUSA03652_00-MAFIA3DLCSTONESU,
"Mafia III: Faster, Baby!",PS4,2786525184,5/19/2020,https://store.playstation.com/en-us/product/UP1001-CUSA03652_00-MAFIA3DLCFSTRBBY,
Family Kick-Back,PS4,1507328,5/19/2020,https://store.playstation.com/en-us/product/UP1001-CUSA03652_00-WHISKEYPREORDERS,
"Judge, Jury & Executioner Weapon Pack",PS4,1310720,5/19/2020,https://store.playstation.com/en-us/product/UP1001-CUSA03652_00-WHISKEYPREORDJJE,
The LEGO® NINJAGO® Movie Video Game,PS4,17939300352,5/15/2020,https://store.playstation.com/en-us/product/UP1018-CUSA07739_00-LEGONINJAGOMOVIE,
A Way Out,PS4,16980901888,5/13/2020,https://store.playstation.com/en-us/product/UP0006-CUSA07995_00-HAZELIGHTAWAYOUT,
Earth 2 Dark Knight Skin,PS4,40435712,5/13/2020,https://store.playstation.com/en-us/product/UP1018-CUSA00133_00-DLCSKINBME2DAKN0,
Child of Light,PS4,2262368256,5/10/2020,https://store.playstation.com/en-us/product/UP0001-CUSA00339_00-CHILDOFLIGHT0001,
Manual Samuel,PS4,2369454080,5/10/2020,https://store.playstation.com/en-us/product/UP4395-CUSA07215_ManualSamuel-INSTANTINDIEVOL5,
The Flame in the Flood Dynamic Theme,PS4,12255232,5/10/2020,https://store.playstation.com/en-us/product/UP4395-CUSA07205_FLAME-INSTANTINDIEVOL4,
Human Fall Flat,PS4,1059520512,5/10/2020,https://store.playstation.com/en-us/product/UP4395-CUSA07215_00-INSTANTINDIEVOL5,
Dear Esther: Landmark Edition,PS4,1518993408,5/10/2020,https://store.playstation.com/en-us/product/UP4395-CUSA07205_00-INSTANTINDIEVOL4,
The Little Acre,PS4,3489857536,5/10/2020,https://store.playstation.com/en-us/product/UP4395-CUSA07215_LITTLEACRE-INSTANTINDIEVOL5,
Dear Esther: Landmark Edition Dynamic Theme,PS4,6029312,5/10/2020,https://store.playstation.com/en-us/product/UP4395-CUSA07205_00-INSTANTINDIEVOL4,
THE FLAME IN THE FLOOD AESOP AVATAR,PS4,,5/10/2020,https://store.playstation.com/en-us/product/UP4395-CUSA07205_FLAME-INSTANTINDIEVOL4,
THE FLAME IN THE FLOOD SCOUT AVATAR,PS4,,5/10/2020,https://store.playstation.com/en-us/product/UP4395-CUSA07205_FLAME-INSTANTINDIEVOL4,
The Flame in the Flood,PS4,2614820864,5/10/2020,https://store.playstation.com/en-us/product/UP4395-CUSA07205_FLAME-INSTANTINDIEVOL4,
Farming Simulator 19,PS4,5505548288,5/5/2020,https://store.playstation.com/en-us/product/UP4133-CUSA11598_00-FARMINGSIMULAT19,
Grand Theft Auto® 3,PS4,1556152320,4/16/2020,https://store.playstation.com/en-us/product/UP1004-CUSA03506_00-GTATRILBUNDLEPS4,
Grand Theft Auto: Vice City®,PS4,2377842688,4/16/2020,https://store.playstation.com/en-us/product/UP1004-CUSA03506_00-GTATRILBUNDLEPS4,
Grand Theft Auto: San Andreas®,PS4,3216441344,4/16/2020,https://store.playstation.com/en-us/product/UP1004-CUSA03506_00-GTATRILBUNDLEPS4,
DiRT Rally 2.0,PS4,27124760576,4/7/2020,https://store.playstation.com/en-us/product/UP4001-CUSA12819_00-DIRTRALLY2US0001,
Uncharted 4: A Thief’s End™,PS4,47448391680,4/7/2020,https://store.playstation.com/en-us/product/UP9000-CUSA00341_00-UNCHARTED0000000,
Max Payne,PS4,1248722944,4/4/2020,https://store.playstation.com/en-us/product/UP1004-CUSA03513_00-SLUS202300000001,
SHADOW OF THE COLOSSUS,PS4,13567262720,3/3/2020,https://store.playstation.com/en-us/product/UP9000-CUSA08034_00-SOTC0000000000US,
SONIC FORCES,PS4,17842634752,3/3/2020,https://store.playstation.com/en-us/product/UP0177-CUSA05637_00-0000000000091623,
EPISODE SHADOW,PS4,319356928,3/3/2020,https://store.playstation.com/en-us/product/UP0177-CUSA05637_00-0000000000091623,
YouTube,PS4,72482816,2/16/2020,https://store.playstation.com/en-us/product/UP4381-CUSA01015_00-YOUTUBESCEA00000,
YouTube TV,PS4,141819904,2/16/2020,https://store.playstation.com/en-us/product/UP4381-CUSA18680_00-YOUTUBETVSCEA000,
Assassin's Creed® Odyssey - Episode 3 : Judgment of Atlantis,PS4,10767958016,2/12/2020,https://store.playstation.com/en-us/product/UP0001-CUSA09311_00-DLCEXPANSION2C03,
Nubia Civilization & Scenario Pack,PS4,102498304,2/12/2020,https://store.playstation.com/en-us/product/UP1001-CUSA15322_00-CIV6DLC500000000,
Khmer and Indonesia Civilization & Scenario Pack,PS4,261488640,2/12/2020,https://store.playstation.com/en-us/product/UP1001-CUSA15322_00-CIV6DLC600000000,
The Sims™ 4,PS4,11082334208,2/4/2020,https://store.playstation.com/en-us/product/UP0006-CUSA09209_00-THESIMS400000000,
Bioshock Infinite: The Complete Edition,PS4,32329826304,2/4/2020,https://store.playstation.com/en-us/product/UP1001-CUSA03979_00-BIOSHOCKCOLLECTN,
BioShock: The Collection,PS4,99999999999,2/4/2020,https://store.playstation.com/en-us/product/UP1001-CUSA03979_00-BIOSHOCKCOLLECTN,
Firewall Zero Hour™,PS4,10406133760,2/4/2020,https://store.playstation.com/en-us/product/UP9000-CUSA09831_00-FIREWALL00000000,
Life Is Strange™ - Episode 2,PS4,2110914560,1/22/2020,https://store.playstation.com/en-us/product/UP0082-CUSA01442_00-LFSTRNGEPISODE02,
Life Is Strange™ - Episode 3,PS4,2736259072,1/22/2020,https://store.playstation.com/en-us/product/UP0082-CUSA01442_00-LFSTRNGEPISODE03,
Life Is Strange™ - Episode 4,PS4,3323985920,1/22/2020,https://store.playstation.com/en-us/product/UP0082-CUSA01442_00-LFSTRNGEPISODE04,
Life Is Strange™ - Episode 5,PS4,4114153472,1/22/2020,https://store.playstation.com/en-us/product/UP0082-CUSA01442_00-LFSTRNGEPISODE05,
PlayStation 2019 Wrap-up Theme,PS4,24248320,1/16/2020,https://store.playstation.com/en-us/product/UT0016-CUSA06833_00-UTH0000000007912,
PLAYSTATION 2019 WRAP-UP: ACTION-ADVENTURE,PS4,,1/16/2020,https://store.playstation.com/en-us/product/UT0016-CUSA06833_00-AV00000000000253,
PLAYSTATION 2019 WRAP-UP: PLATFORMER,PS4,,1/16/2020,https://store.playstation.com/en-us/product/UT0016-CUSA06833_00-AV00000000000254,
PLAYSTATION 2019 WRAP-UP: SPORTS,PS4,,1/16/2020,https://store.playstation.com/en-us/product/UT0016-CUSA06833_00-AV00000000000256,
PLAYSTATION 2019 WRAP-UP: DRIVING/RACING,PS4,,1/16/2020,https://store.playstation.com/en-us/product/UT0016-CUSA06833_00-AV00000000000257,
PLAYSTATION 2019 WRAP-UP: SHOOTER,PS4,,1/16/2020,https://store.playstation.com/en-us/product/UT0016-CUSA06833_00-AV00000000000259,
PLAYSTATION 2019 WRAP-UP: FIGHTING,PS4,,1/16/2020,https://store.playstation.com/en-us/product/UT0016-CUSA06833_00-AV00000000000260,
PLAYSTATION 2019 WRAP-UP: STRATEGY,PS4,,1/16/2020,https://store.playstation.com/en-us/product/UT0016-CUSA06833_00-AV00000000000261,
The Witcher 3: Wild Hunt – Complete Edition,PS4,42232446976,1/11/2020,https://store.playstation.com/en-us/product/UP4497-CUSA05725_00-00000000000GOTY5,
Goat Simulator,PS4,1412956160,1/7/2020,https://store.playstation.com/en-us/product/UP4415-CUSA02768_00-GOATSIMULATORPS4,
Uncharted: The Nathan Drake Collection™,PS4,43448401920,1/7/2020,https://store.playstation.com/en-us/product/UP9000-CUSA02320_00-UNCHARTEDTRILOGY,
Campus,PS4,,1/5/2020,https://store.playstation.com/en-us/product/UP4139-CUSA06548_00-CAMPUSNA00000001,
Industries,PS4,,12/29/2019,https://store.playstation.com/en-us/product/UP4139-CUSA06548_00-INDUSTRIESNA0002,
Turf Wars,PS4,1629945856,12/29/2019,https://store.playstation.com/en-us/product/UP9000-CUSA02299_00-000000000000DLC2,
Silver Lining,PS4,2412642304,12/29/2019,https://store.playstation.com/en-us/product/UP9000-CUSA02299_00-000000000000DLC3,
The Heist,PS4,2195259392,12/29/2019,https://store.playstation.com/en-us/product/UP9000-CUSA02299_00-000000000000DLC1,
Ghost of Tsushima Dynamic Theme,PS4,36110336,12/24/2019,https://store.playstation.com/en-us/product/UP9000-CUSA11456_00-GHOSTDYNAMTHEME2,
Green Cities,PS4,,12/20/2019,https://store.playstation.com/en-us/product/UP4139-CUSA06548_00-GREENCITIESNA002,
Content Creator Pack: European Suburbia,PS4,,12/20/2019,https://store.playstation.com/en-us/product/UP4139-CUSA06548_00-EUROPSUBURBIANA2,
Synthetic Dawn,PS4,,12/20/2019,https://store.playstation.com/en-us/product/UP4139-CUSA06548_00-RADIOSTATION3NA2,
Radio Station Pack 2,PS4,,12/20/2019,https://store.playstation.com/en-us/product/UP4139-CUSA06548_00-RADIOSTATION2NA2,
Parklife,PS4,,12/20/2019,https://store.playstation.com/en-us/product/UP4139-CUSA06548_00-PARKLIFENA000002,
"Carols, Candles and Candy",PS4,,12/20/2019,https://store.playstation.com/en-us/product/UP4139-CUSA06548_00-CAROLSCANDLESNA2,
Untitled Goose Game Dynamic Theme,PS4,19726336,12/18/2019,https://store.playstation.com/en-us/product/UP3971-CUSA23079_00-3735811044228279,
Happy Holiday 2019,PS4,13369344,12/9/2019,https://store.playstation.com/en-us/product/UT0016-CUSA06833_00-UTH0000000007903,
Titanfall™ 2,PS4,34198781952,12/6/2019,https://store.playstation.com/en-us/product/UP0006-CUSA04027_00-TITANFALL2RSPWN1,
Monster Energy Supercross - The Official Videogame,PS4,8543338496,12/6/2019,https://store.playstation.com/en-us/product/UP1981-CUSA09938_00-SUPERCROSSFULLGM,
Outlast 2,PS4,18685493248,11/6/2019,https://store.playstation.com/en-us/product/UP2113-CUSA06623_00-OUTLAST200000000,
Nioh,PS4,39266418688,11/6/2019,https://store.playstation.com/en-us/product/UP9000-CUSA07113_00-NIOH000000000000,
Pearls from the East,PS4,,9/20/2019,https://store.playstation.com/en-us/product/UP4139-CUSA06548_00-PEARLSFRMEASTNA2,
Guacamelee! STCE 'Frenemies' Character Pack,PS4,,9/18/2019,https://store.playstation.com/en-us/product/UP2045-CUSA00151_00-STCEBOSSCOSTUMES,
Original Arkham Batman Skin,PS4,13107200,9/3/2019,https://store.playstation.com/en-us/product/UP1018-CUSA00133_00-DLCSKINBMAASYLUM,
2016 Batman v Superman Batmobile,PS4,108658688,9/3/2019,https://store.playstation.com/en-us/product/UP1018-CUSA00133_00-DLCBMOBSNYDER000,
Rocksteady Themed Batmobile Skin,PS4,32047104,9/3/2019,https://store.playstation.com/en-us/product/UP1018-CUSA00133_00-DLCBMOBROCKSTEAD,
Crime Fighter Challenge Pack #6,PS4,718209024,9/3/2019,https://store.playstation.com/en-us/product/UP1018-CUSA00133_00-DLCCHALLENGPACK6,
2008 Movie Batman Skin,PS4,56360960,9/3/2019,https://store.playstation.com/en-us/product/UP1018-CUSA00133_00-DLCSKINBMDARKKNI,
Batman: Noel Skin,PS4,39124992,9/3/2019,https://store.playstation.com/en-us/product/UP1018-CUSA00133_00-DLCSKINBMNOEL000,
New 52 Skins Pack,PS4,111738880,9/3/2019,https://store.playstation.com/en-us/product/UP1018-CUSA00133_00-DLCSKINNEW520000,
Batman Inc. Skin,PS4,46858240,9/3/2019,https://store.playstation.com/en-us/product/UP1018-CUSA00133_00-DLCSKINBMINC0000,
Darksiders III,PS4,20244267008,9/3/2019,https://store.playstation.com/en-us/product/UP4389-CUSA08880_00-DARKSIDERS3US001,
PlayStation® Exclusive Scarecrow Nightmare Missions,PS4,1061552128,9/3/2019,https://store.playstation.com/en-us/product/UP1018-CUSA00133_00-BATMANARKHAMKNHT,
BATMAN™: ARKHAM KNIGHT,PS4,48272441344,9/3/2019,https://store.playstation.com/en-us/product/UP1018-CUSA00133_00-BATMANARKHAMKNHT,
PlayStation® Exclusive Skins Pack,PS4,121372672,9/3/2019,https://store.playstation.com/en-us/product/UP1018-CUSA00133_00-BATMANARKHAMKNHT,
AMG Tour,PS4,,9/2/2019,https://store.playstation.com/en-us/product/UP9000-CUSA00093_00-DCXTOURXXXXXX021,
Redline Expansion Pack,PS4,,9/2/2019,https://store.playstation.com/en-us/product/UP9000-CUSA00093_00-DRIVESEASONPASS1,
Pacesetter Tour Pack,PS4,,9/2/2019,https://store.playstation.com/en-us/product/UP9000-CUSA00093_00-DRIVESEASONPASS1,
Lamborghini Icons Expansion Pack,PS4,,9/2/2019,https://store.playstation.com/en-us/product/UP9000-CUSA00093_00-DRIVESEASONPASS1,
Torque Tour Pack,PS4,,9/2/2019,https://store.playstation.com/en-us/product/UP9000-CUSA00093_00-DRIVESEASONPASS1,
Turbocharged Expansion Pack,PS4,,9/2/2019,https://store.playstation.com/en-us/product/UP9000-CUSA00093_00-DRIVESEASONPASS1,
Evolution Tour Pack,PS4,,9/2/2019,https://store.playstation.com/en-us/product/UP9000-CUSA00093_00-DRIVESEASONPASS1,
Sakura Tour Pack,PS4,,9/2/2019,https://store.playstation.com/en-us/product/UP9000-CUSA00093_00-DRIVESEASONPASS1,
Downforce Expansion Pack,PS4,,9/2/2019,https://store.playstation.com/en-us/product/UP9000-CUSA00093_00-DRIVESEASONPASS1,
Elements Tour Pack,PS4,,9/2/2019,https://store.playstation.com/en-us/product/UP9000-CUSA00093_00-DRIVESEASONPASS1,
Apex Expansion Pack,PS4,,9/2/2019,https://store.playstation.com/en-us/product/UP9000-CUSA00093_00-DRIVESEASONPASS1,
Midnight Tour Pack,PS4,,9/2/2019,https://store.playstation.com/en-us/product/UP9000-CUSA00093_00-DRIVESEASONPASS1,
Lamborghini Expansion Pack,PS4,,9/2/2019,https://store.playstation.com/en-us/product/UP9000-CUSA00093_00-DRIVESEASONPASS1,
Horsepower Expansion Pack,PS4,,9/2/2019,https://store.playstation.com/en-us/product/UP9000-CUSA00093_00-DRIVESEASONPASS1,
Unite In Speed Tour Pack,PS4,,9/2/2019,https://store.playstation.com/en-us/product/UP9000-CUSA00093_00-DRIVESEASONPASS1,
RPM Expansion Pack,PS4,,9/2/2019,https://store.playstation.com/en-us/product/UP9000-CUSA00093_00-DRIVESEASONPASS1,
Velocity Tour Pack,PS4,,9/2/2019,https://store.playstation.com/en-us/product/UP9000-CUSA00093_00-DRIVESEASONPASS1,
Koenigsegg One:1,PS4,,9/2/2019,https://store.playstation.com/en-us/product/UP9000-CUSA00093_00-DRIVESEASONPASS1,
Chevrolet Camaro ZL1,PS4,,9/2/2019,https://store.playstation.com/en-us/product/UP9000-CUSA00093_00-DRIVESEASONPASS1,
Dodge Challenger SRT8 392,PS4,,9/2/2019,https://store.playstation.com/en-us/product/UP9000-CUSA00093_00-DRIVESEASONPASS1,
SRT Viper GTS,PS4,,9/2/2019,https://store.playstation.com/en-us/product/UP9000-CUSA00093_00-DRIVESEASONPASS1,
Dodge Charger SRT8,PS4,,9/2/2019,https://store.playstation.com/en-us/product/UP9000-CUSA00093_00-DRIVESEASONPASS1,
Chevrolet Corvette Stingray,PS4,,9/2/2019,https://store.playstation.com/en-us/product/UP9000-CUSA00093_00-DRIVESEASONPASS1,
Chevrolet Corvette Z06 Centennial Edition,PS4,,9/2/2019,https://store.playstation.com/en-us/product/UP9000-CUSA00093_00-DRIVESEASONPASS1,
Caterham R500 Superlight,PS4,,9/2/2019,https://store.playstation.com/en-us/product/UP9000-CUSA00093_00-DRIVESEASONPASS1,
Renault Alpine A110-50 ,PS4,,9/2/2019,https://store.playstation.com/en-us/product/UP9000-CUSA00093_00-DRIVESEASONPASS1,
McLaren F1 LM,PS4,,9/2/2019,https://store.playstation.com/en-us/product/UP9000-CUSA00093_00-DRIVESEASONPASS1,
Lamborghini Murciélago SV,PS4,,9/2/2019,https://store.playstation.com/en-us/product/UP9000-CUSA00093_00-DRIVESEASONPASS1,
Nissan GT-R NISMO,PS4,,9/2/2019,https://store.playstation.com/en-us/product/UP9000-CUSA00093_00-DRIVESEASONPASS1,
Nissan 370z Nismo,PS4,,9/2/2019,https://store.playstation.com/en-us/product/UP9000-CUSA00093_00-DRIVESEASONPASS1,
Nissan MY15 GT-R,PS4,,9/2/2019,https://store.playstation.com/en-us/product/UP9000-CUSA00093_00-DRIVESEASONPASS1,
McLaren 570S,PS4,,9/2/2019,https://store.playstation.com/en-us/product/UP9000-CUSA00093_00-DRIVESEASONPASS1,
Renault Mégane R.S. 275 Trophy-R,PS4,,9/2/2019,https://store.playstation.com/en-us/product/UP9000-CUSA00093_00-DRIVESEASONPASS1,
Ferrari FXX K,PS4,,9/2/2019,https://store.playstation.com/en-us/product/UP9000-CUSA00093_00-DRIVESEASONPASS1,
McLaren P1 GTR,PS4,,9/2/2019,https://store.playstation.com/en-us/product/UP9000-CUSA00093_00-DRIVESEASONPASS1,
VUHL 05,PS4,,9/2/2019,https://store.playstation.com/en-us/product/UP9000-CUSA00093_00-DCXVEHICLEXX0757,
Ferrari F40,PS4,,9/2/2019,https://store.playstation.com/en-us/product/UP9000-CUSA00093_00-DRIVESEASONPASS1,
Ferrari F50,PS4,,9/2/2019,https://store.playstation.com/en-us/product/UP9000-CUSA00093_00-DRIVESEASONPASS1,
Ferrari FXX Evoluzione,PS4,,9/2/2019,https://store.playstation.com/en-us/product/UP9000-CUSA00093_00-DRIVESEASONPASS1,
Mercedes-Benz SLS AMG Coupé Electric Drive ,PS4,,9/2/2019,https://store.playstation.com/en-us/product/UP9000-CUSA00093_00-DRIVESEASONPASS1,
Ferrari 458 Speciale,PS4,,9/2/2019,https://store.playstation.com/en-us/product/UP9000-CUSA00093_00-DRIVESEASONPASS1,
Enzo Ferrari,PS4,,9/2/2019,https://store.playstation.com/en-us/product/UP9000-CUSA00093_00-DRIVESEASONPASS1,
Lamborghini Sesto Elemento,PS4,,9/2/2019,https://store.playstation.com/en-us/product/UP9000-CUSA00093_00-DRIVESEASONPASS1,
Lamborghini Gallardo LP 570-4 Squadra Corse,PS4,,9/2/2019,https://store.playstation.com/en-us/product/UP9000-CUSA00093_00-DRIVESEASONPASS1,
Lamborghini Veneno,PS4,,9/2/2019,https://store.playstation.com/en-us/product/UP9000-CUSA00093_00-DRIVESEASONPASS1,
Jaguar XKRS Coupe,PS4,,9/2/2019,https://store.playstation.com/en-us/product/UP9000-CUSA00093_00-DRIVESEASONPASS1,
Lamborghini Huracan LP 610-4,PS4,,9/2/2019,https://store.playstation.com/en-us/product/UP9000-CUSA00093_00-DRIVESEASONPASS1,
Lamborghini Reventón,PS4,,9/2/2019,https://store.playstation.com/en-us/product/UP9000-CUSA00093_00-DRIVESEASONPASS1,
Lamborghini Diablo Super Veloce,PS4,,9/2/2019,https://store.playstation.com/en-us/product/UP9000-CUSA00093_00-DRIVESEASONPASS1,
Lamborghini Aventador LP 720-4 50° Anniversario,PS4,,9/2/2019,https://store.playstation.com/en-us/product/UP9000-CUSA00093_00-DRIVESEASONPASS1,
Jaguar F-Type R Coupe,PS4,,9/2/2019,https://store.playstation.com/en-us/product/UP9000-CUSA00093_00-DRIVESEASONPASS1,
McLaren 650S Coupe,PS4,,9/2/2019,https://store.playstation.com/en-us/product/UP9000-CUSA00093_00-DRIVESEASONPASS1,
Chevrolet Corvette ZR1 Centennial Edition,PS4,,9/2/2019,https://store.playstation.com/en-us/product/UP9000-CUSA00093_00-DRIVESEASONPASS1,
Jaguar C-X75 Prototype Edition,PS4,,9/2/2019,https://store.playstation.com/en-us/product/UP9000-CUSA00093_00-DRIVESEASONPASS1,
Volkswagen GTI Design Vision,PS4,,9/2/2019,https://store.playstation.com/en-us/product/UP9000-CUSA00093_00-DRIVESEASONPASS1,
Chevrolet Corvette Z06 2015,PS4,,9/2/2019,https://store.playstation.com/en-us/product/UP9000-CUSA00093_00-DRIVESEASONPASS1,
Downforce Livery Pack,PS4,,9/2/2019,https://store.playstation.com/en-us/product/UP9000-CUSA00093_00-DRIVESEASONPASS1,
Sakura Livery Pack,PS4,,9/2/2019,https://store.playstation.com/en-us/product/UP9000-CUSA00093_00-DRIVESEASONPASS1,
Apex Livery Pack,PS4,,9/2/2019,https://store.playstation.com/en-us/product/UP9000-CUSA00093_00-DRIVESEASONPASS1,
Elements Livery Pack,PS4,,9/2/2019,https://store.playstation.com/en-us/product/UP9000-CUSA00093_00-DRIVESEASONPASS1,
Redline Livery Pack,PS4,,9/2/2019,https://store.playstation.com/en-us/product/UP9000-CUSA00093_00-DRIVESEASONPASS1,
Lamborghini Icons Livery Pack,PS4,,9/2/2019,https://store.playstation.com/en-us/product/UP9000-CUSA00093_00-DRIVESEASONPASS1,
Evolution Livery Pack,PS4,,9/2/2019,https://store.playstation.com/en-us/product/UP9000-CUSA00093_00-DRIVESEASONPASS1,
Turbocharged Livery Pack,PS4,,9/2/2019,https://store.playstation.com/en-us/product/UP9000-CUSA00093_00-DRIVESEASONPASS1,
Pacesetter Livery Pack,PS4,,9/2/2019,https://store.playstation.com/en-us/product/UP9000-CUSA00093_00-DRIVESEASONPASS1,
Lamborghini Livery Pack,PS4,,9/2/2019,https://store.playstation.com/en-us/product/UP9000-CUSA00093_00-DRIVESEASONPASS1,
Midnight Livery Pack,PS4,,9/2/2019,https://store.playstation.com/en-us/product/UP9000-CUSA00093_00-DRIVESEASONPASS1,
Horsepower Livery Pack,PS4,,9/2/2019,https://store.playstation.com/en-us/product/UP9000-CUSA00093_00-DRIVESEASONPASS1,
Velocity Livery Pack,PS4,,9/2/2019,https://store.playstation.com/en-us/product/UP9000-CUSA00093_00-DRIVESEASONPASS1,
RPM Livery Pack,PS4,,9/2/2019,https://store.playstation.com/en-us/product/UP9000-CUSA00093_00-DRIVESEASONPASS1,
Torque Livery Pack,PS4,,9/2/2019,https://store.playstation.com/en-us/product/UP9000-CUSA00093_00-DRIVESEASONPASS1,
Unite In Speed Livery Pack,PS4,,9/2/2019,https://store.playstation.com/en-us/product/UP9000-CUSA00093_00-DRIVESEASONPASS1,
DRIVECLUB™ Tour Pack 2,PS4,,9/2/2019,https://store.playstation.com/en-us/product/UP9000-CUSA00093_00-DCXTOURXXXXXX002,
Renault DeZir Concept,PS4,,9/2/2019,https://store.playstation.com/en-us/product/UP9000-CUSA00093_00-DCXVEHICLEXX0151,
Peugeot Onyx Concept,PS4,,9/2/2019,https://store.playstation.com/en-us/product/UP9000-CUSA00093_00-DCXVEHICLEXX0758,
Wombat Typhoon,PS4,,9/2/2019,https://store.playstation.com/en-us/product/UP9000-CUSA00093_00-DCXVEHICLEXX0759,
Mazzanti Evantra,PS4,,9/2/2019,https://store.playstation.com/en-us/product/UP9000-CUSA00093_00-DCXVEHICLEXX0755,
Rimac Concept One,PS4,,9/2/2019,https://store.playstation.com/en-us/product/UP9000-CUSA00093_00-DCXVEHICLEXX0772,
Peugeot EX1 Concept,PS4,,9/2/2019,https://store.playstation.com/en-us/product/UP9000-CUSA00093_00-DCXVEHICLEXX0768,
Mercedes-Benz GT AMG C190,PS4,,9/2/2019,https://store.playstation.com/en-us/product/UP9000-CUSA00093_00-DCXVEHICLEXX0761,
DRIVECLUB™ Livery Pack 2,PS4,,9/2/2019,https://store.playstation.com/en-us/product/UP9000-CUSA00093_00-DCXLIVERIESXX004,
DRIVECLUB™ Livery Pack 1,PS4,,9/2/2019,https://store.playstation.com/en-us/product/UP9000-CUSA00093_00-DCXLIVERIESXX003,
DRIVECLUB™ Tour Pack 1,PS4,,9/2/2019,https://store.playstation.com/en-us/product/UP9000-CUSA00093_00-DCXTOURXXXXXX001,
All Stars Tour,PS4,,9/2/2019,https://store.playstation.com/en-us/product/UP9000-CUSA00093_00-DCXTOURXXXXXX020,
"BMW M5, 2013",PS4,,9/2/2019,https://store.playstation.com/en-us/product/UP9000-CUSA00093_00-DCXVEHICLEXX0153,
Caterham SP/300.R,PS4,,9/2/2019,https://store.playstation.com/en-us/product/UP9000-CUSA00093_00-DCXTOURXXXXXX001,
BMW M4,PS4,,9/2/2019,https://store.playstation.com/en-us/product/UP9000-CUSA00093_00-DCXTOURXXXXXX001,
All Stars Livery,PS4,,9/2/2019,https://store.playstation.com/en-us/product/UP9000-CUSA00093_00-DCXFLIVERYXXXX01,
Ferrari 488 GTB,PS4,,9/2/2019,https://store.playstation.com/en-us/product/UP9000-CUSA00093_00-DCXVEHICLEXX0789,
Renault Twin'Run Concept,PS4,,9/2/2019,https://store.playstation.com/en-us/product/UP9000-CUSA00093_00-DCXTOURXXXXXX001,
Icona Vulcano,PS4,,9/2/2019,https://store.playstation.com/en-us/product/UP9000-CUSA00093_00-DCXVEHICLEXX0754,
W Motors Lykan Hypersport,PS4,,9/2/2019,https://store.playstation.com/en-us/product/UP9000-CUSA00093_00-DCXTOURXXXXXX001,
KTM X-BOW R,PS4,,9/2/2019,https://store.playstation.com/en-us/product/UP9000-CUSA00093_00-DCXTOURXXXXXX001,
Citroën Survolt,PS4,,9/2/2019,https://store.playstation.com/en-us/product/UP9000-CUSA00093_00-DCXVEHICLEXX0769,
Batman The Telltale Series: Episode 3,PS4,2142633984,9/1/2019,https://store.playstation.com/en-us/product/UP2026-CUSA05332_00-BATM000000000EP3,
Batman The Telltale Series: Episode 5,PS4,2976710656,9/1/2019,https://store.playstation.com/en-us/product/UP2026-CUSA05332_00-BATM000000000EP5,
Batman The Telltale Series: Episode 4,PS4,3003842560,9/1/2019,https://store.playstation.com/en-us/product/UP2026-CUSA05332_00-BATM000000000EP4,
Sniper Elite 4,PS4,32389070848,8/6/2019,https://store.playstation.com/en-us/product/UP4363-CUSA04220_00-SNIPERELITE40000,
Wipeout Omega Collection - Van Über team,PS4,,8/6/2019,https://store.playstation.com/en-us/product/UP9000-CUSA07671_00-WIPEOUTOMEGA00US,
WIPEOUT OMEGA COLLECTION - AG-SYS AVATAR,PS4,,8/6/2019,https://store.playstation.com/en-us/product/UP9000-CUSA07671_00-WIPEOUTOMEGA00US,
WIPEOUT OMEGA COLLECTION - AURICOM AVATAR,PS4,,8/6/2019,https://store.playstation.com/en-us/product/UP9000-CUSA07671_00-WIPEOUTOMEGA00US,
WIPEOUT OMEGA COLLECTION - FEISAR AVATAR,PS4,,8/6/2019,https://store.playstation.com/en-us/product/UP9000-CUSA07671_00-WIPEOUTOMEGA00US,
WIPEOUT OMEGA COLLECTION - QIREX AVATAR,PS4,,8/6/2019,https://store.playstation.com/en-us/product/UP9000-CUSA07671_00-WIPEOUTOMEGA00US,
WIPEOUT™ OMEGA COLLECTION,PS4,23869128704,8/6/2019,https://store.playstation.com/en-us/product/UP9000-CUSA07671_00-WIPEOUTOMEGA00US,
HITMAN™ 2 - Hawke’s Bay,PS4,1048576,7/14/2019,https://store.playstation.com/en-us/product/UP4572-CUSA12421_00-STARTPACK0000000,
Detroit: Become Human CyberLife Theme,PS4,31326208,7/3/2019,https://store.playstation.com/en-us/product/UP9000-CUSA08344_00-DETROITDDE000001,
Detroit: Become Human™ Digital Deluxe Soundtrack,PS4,1594359808,7/3/2019,https://store.playstation.com/en-us/product/UP9000-CUSA08344_00-DETROITDDE000001,
Detroit: Become Human Character Theme,PS4,33619968,7/3/2019,https://store.playstation.com/en-us/product/UP9000-CUSA08344_00-DETROITDDE000001,
Horizon Chase Turbo,PS4,357498880,7/3/2019,https://store.playstation.com/en-us/product/UP0040-CUSA11275_00-HORIZONTURBOGAME,
DETROIT: BECOME HUMAN AMANDA AVATAR 1,PS4,,7/3/2019,https://store.playstation.com/en-us/product/UP9000-CUSA08344_00-DETROITDDE000001,
DETROIT: BECOME HUMAN AMANDA AVATAR 2,PS4,,7/3/2019,https://store.playstation.com/en-us/product/UP9000-CUSA08344_00-DETROITDDE000001,
DETROIT: BECOME HUMAN ANDROID AVATAR 1,PS4,,7/3/2019,https://store.playstation.com/en-us/product/UP9000-CUSA08344_00-DETROITDDE000001,
DETROIT: BECOME HUMAN ANDROID AVATAR 2,PS4,,7/3/2019,https://store.playstation.com/en-us/product/UP9000-CUSA08344_00-DETROITDDE000001,
DETROIT: BECOME HUMAN CONNOR AVATAR 3,PS4,,7/3/2019,https://store.playstation.com/en-us/product/UP9000-CUSA08344_00-DETROITDDE000001,
DETROIT: BECOME HUMAN CARL AVATAR,PS4,,7/3/2019,https://store.playstation.com/en-us/product/UP9000-CUSA08344_00-DETROITDDE000001,
DETROIT: BECOME HUMAN CHLOE AVATAR,PS4,,7/3/2019,https://store.playstation.com/en-us/product/UP9000-CUSA08344_00-DETROITDDE000001,
DETROIT: BECOME HUMAN CONNOR AVATAR 1,PS4,,7/3/2019,https://store.playstation.com/en-us/product/UP9000-CUSA08344_00-DETROITDDE000001,
DETROIT: BECOME HUMAN CONNOR AVATAR 2,PS4,,7/3/2019,https://store.playstation.com/en-us/product/UP9000-CUSA08344_00-DETROITDDE000001,
DETROIT: BECOME HUMAN HANK AVATAR 3,PS4,,7/3/2019,https://store.playstation.com/en-us/product/UP9000-CUSA08344_00-DETROITDDE000001,
DETROIT: BECOME HUMAN KAMSKI AVATAR 1,PS4,,7/3/2019,https://store.playstation.com/en-us/product/UP9000-CUSA08344_00-DETROITDDE000001,
DETROIT: BECOME HUMAN KAMSKI AVATAR 2,PS4,,7/3/2019,https://store.playstation.com/en-us/product/UP9000-CUSA08344_00-DETROITDDE000001,
DETROIT: BECOME HUMAN KARA AVATAR 1,PS4,,7/3/2019,https://store.playstation.com/en-us/product/UP9000-CUSA08344_00-DETROITDDE000001,
DETROIT: BECOME HUMAN HANK AVATAR 1,PS4,,7/3/2019,https://store.playstation.com/en-us/product/UP9000-CUSA08344_00-DETROITDDE000001,
DETROIT: BECOME HUMAN HANK AVATAR 2,PS4,,7/3/2019,https://store.playstation.com/en-us/product/UP9000-CUSA08344_00-DETROITDDE000001,
DETROIT: BECOME HUMAN KARA AVATAR 2,PS4,,7/3/2019,https://store.playstation.com/en-us/product/UP9000-CUSA08344_00-DETROITDDE000001,
DETROIT: BECOME HUMAN LUTHER AVATAR 1,PS4,,7/3/2019,https://store.playstation.com/en-us/product/UP9000-CUSA08344_00-DETROITDDE000001,
DETROIT: BECOME HUMAN LUTHER AVATAR 2,PS4,,7/3/2019,https://store.playstation.com/en-us/product/UP9000-CUSA08344_00-DETROITDDE000001,
DETROIT: BECOME HUMAN MARKUS AVATAR ,PS4,,7/3/2019,https://store.playstation.com/en-us/product/UP9000-CUSA08344_00-DETROITDDE000001,
DETROIT: BECOME HUMAN NORTH AVATAR,PS4,,7/3/2019,https://store.playstation.com/en-us/product/UP9000-CUSA08344_00-DETROITDDE000001,
DETROIT: BECOME HUMAN ROSE AVATAR,PS4,,7/3/2019,https://store.playstation.com/en-us/product/UP9000-CUSA08344_00-DETROITDDE000001,
DETROIT: BECOME HUMAN ZLATKO AVATAR,PS4,,7/3/2019,https://store.playstation.com/en-us/product/UP9000-CUSA08344_00-DETROITDDE000001,
Detroit: Become Human™,PS4,42411950080,7/3/2019,https://store.playstation.com/en-us/product/UP9000-CUSA08344_00-DETROITDDE000001,
The Art of Detroit: Become Human™,PS4,1656946688,7/3/2019,https://store.playstation.com/en-us/product/UP9000-CUSA08344_00-DETROITDDE000001,
The Bard's Tale: Remastered and Resnarkled,PS4,3610574848,7/2/2019,https://store.playstation.com/en-us/product/UP2028-CUSA06499_00-THEBARDSTALERNRD,
InnerSpace,PS4,2111307776,7/2/2019,https://store.playstation.com/en-us/product/UP1032-CUSA07641_00-INNERSPACEFLIGHT,
Borderlands 2: Commander Lilith & the Fight for Sanctuary,PS4,5286395904,6/9/2019,https://store.playstation.com/en-us/product/UP1001-CUSA01401_00-ANEMONEREV100000,
The Last of Us™ Remastered - Treacherous Territories Map Pack,PS4,306118656,6/8/2019,https://store.playstation.com/en-us/product/UP9000-BCUS98174_00-THELASTOFUSDLC04,
Assassin's Creed® Odyssey - Episode 2 : Torment of Hades,PS4,6157303808,6/4/2019,https://store.playstation.com/en-us/product/UP0001-CUSA09311_00-DLCEXPANSION2C02,
Assassin's Creed® Odyssey - Episode 1 : Fields of Elysium,PS4,7294812160,6/4/2019,https://store.playstation.com/en-us/product/UP0001-CUSA09311_00-DLCEXPANSION2C01,
Borderlands: The Handsome Collection,PS4,28637200384,6/4/2019,https://store.playstation.com/en-us/product/UP1001-CUSA01401_00-BORDERLANDSHDCOL,
Sonic Mania,PS4,198574080,6/4/2019,https://store.playstation.com/en-us/product/UP0177-CUSA07023_00-SONICMANIA000000,
Overcooked,PS4,572391424,5/7/2019,https://store.playstation.com/en-us/product/UP4064-CUSA05724_00-OVERCOOKED000000,
What Remains of Edith Finch,PS4,2775842816,5/7/2019,https://store.playstation.com/en-us/product/UP2470-CUSA06886_00-EFINCHPS4GAME001,
Conan Exiles,PS4,38424674304,4/7/2019,https://store.playstation.com/en-us/product/UP1850-CUSA10608_00-CONANEXILES00001,
The Surge,PS4,5408030720,4/7/2019,https://store.playstation.com/en-us/product/UP4133-CUSA04733_00-00000000THESURGE,
Borderlands: The Handsome Collection Ultra HD Texture Pack,PS4,15793848320,4/3/2019,https://store.playstation.com/en-us/product/UP1001-CUSA01401_00-MANCANAREV100000,
Assassin's Creed® III Remastered,PS4,43800592384,3/29/2019,https://store.playstation.com/en-us/product/UP0001-CUSA11711_00-AC3GAMEPS4000001,
God of War SHAREfactory™ Theme,PS4,101908480,3/29/2019,https://store.playstation.com/en-us/product/UP9000-CUSA07408_00-SFTHEME000000001,
Stardew Valley,PS4,175702016,3/16/2019,https://store.playstation.com/en-us/product/UP2456-PCSE01235_00-STARDEW00000SIEA,
Assassin's Creed® Odyssey - Episode 2 : Shadow Heritage,PS4,999096320,3/12/2019,https://store.playstation.com/en-us/product/UP0001-CUSA09311_00-DLCEXPANSION1C02,
Assassin's Creed® Odyssey - Episode 3 : Bloodline,PS4,1118633984,3/12/2019,https://store.playstation.com/en-us/product/UP0001-CUSA09311_00-DLCEXPANSION1C03,
Unravel TWO,PS4,3297312768,3/12/2019,https://store.playstation.com/en-us/product/UP0006-CUSA10483_00-COLDWOODPIKE0000,
Burnout Paradise Remastered,PS4,7790919680,3/12/2019,https://store.playstation.com/en-us/product/UP0006-CUSA10866_00-STELLARPARADISE0,
Fe,PS4,2096103424,3/12/2019,https://store.playstation.com/en-us/product/UP0006-CUSA09058_00-ZOINKGAMESFE0000,
Defender of the Chosen,PS4,,3/10/2019,https://store.playstation.com/en-us/product/UP9000-CUSA07408_00-PO00060000000000,
The Art of God of War,PS4,2100887552,3/10/2019,https://store.playstation.com/en-us/product/UP9000-CUSA09943_00-GODOFWARARTBOOK0,
Death’s Vow Armor Set,PS4,,3/10/2019,https://store.playstation.com/en-us/product/UP9000-CUSA07408_00-POA0010000000000,
God of War™ Dynamic Theme,PS4,27262976,3/10/2019,https://store.playstation.com/en-us/product/UP9000-CUSA07408_00-DYNAMICTHEME0002,
God of War Digital Comic - Issue #0,PS4,1740570624,3/10/2019,https://store.playstation.com/en-us/product/UP9000-CUSA09944_00-GOWCOMICBOOK0000,
The Exile’s Guardian,PS4,,3/10/2019,https://store.playstation.com/en-us/product/UP9000-CUSA07408_00-PO00040000000000,
Call of Duty®: Modern Warfare® Remastered,PS4,39919681536,3/5/2019,https://store.playstation.com/en-us/product/UP0002-CUSA03522_00-CODMWRTHEGAME001,
The Witness,PS4,3748986880,3/5/2019,https://store.playstation.com/en-us/product/UP2124-CUSA00498_00-THEWITNESSPS4PS4,
HITMAN™ - Episode 4: Bangkok,PS4,4775870464,2/10/2019,https://store.playstation.com/en-us/product/UP0082-CUSA02976_00-FULLEXPERIENCE00,
HITMAN™ - Summer Bonus Episode,PS4,8068005888,2/10/2019,https://store.playstation.com/en-us/product/UP0082-CUSA02976_00-FULLEXPERIENCE00,
HITMAN™ - Episode 6: Hokkaido,PS4,4049862656,2/10/2019,https://store.playstation.com/en-us/product/UP0082-CUSA02976_00-FULLEXPERIENCE00,
HITMAN™ - Episode 5: Colorado,PS4,5167448064,2/10/2019,https://store.playstation.com/en-us/product/UP0082-CUSA02976_00-FULLEXPERIENCE00,
HITMAN™ - Episode 3: Marrakesh,PS4,4861722624,2/10/2019,https://store.playstation.com/en-us/product/UP0082-CUSA02976_00-FULLEXPERIENCE00,
HITMAN™ Sapienza,PS4,5205917696,2/10/2019,https://store.playstation.com/en-us/product/UP0082-CUSA02976_00-FULLEXPERIENCE00,
For Honor,PS4,31736201216,2/5/2019,https://store.playstation.com/en-us/product/UP0001-CUSA05218_00-FHGAMEPS40000001,
HITMAN™ Paris,PS4,2733375488,2/5/2019,https://store.playstation.com/en-us/product/UP0082-CUSA02976_00-FULLEXPERIENCE00,
Rogue Aces,PS4,120455168,2/5/2019,https://store.playstation.com/en-us/product/UP4395-CUSA02927_00-ROGUEACES0000000,
Gunhouse,PS4,169279488,2/5/2019,https://store.playstation.com/en-us/product/UP4221-PCSE01157_00-GUNHOUSECOOLTOWN,
Fallen Legion: Flames of Rebellion,PS4,1297678336,1/2/2019,https://store.playstation.com/en-us/product/UP0704-CUSA09877_00-FALLENLEGIONFOR4,
Amplitude,PS4,2451832832,1/2/2019,https://store.playstation.com/en-us/product/UP8802-NPUB31810_00-AMPLITUDE2015PS3,
Portal Knights,PS4,1872560128,1/2/2019,https://store.playstation.com/en-us/product/UP4040-CUSA06266_00-PORTALKNIGHTS000,
STEEP,PS4,17096769536,1/2/2019,https://store.playstation.com/en-us/product/UP0001-CUSA05489_00-STEEPSCEA0000000,
Assassin's Creed® Odyssey: The Blade of Darius,PS4,2711093248,12/18/2018,https://store.playstation.com/en-us/product/UP0001-CUSA09311_00-DLCEXPANSION1C01,
Assassin's Creed® Odyssey: The Blind King,PS4,1114112,12/18/2018,https://store.playstation.com/en-us/product/UP0001-CUSA09311_00-ULCQUEST00000002,
Assassin's Creed® Odyssey: The Secrets of Greece,PS4,1114112,12/18/2018,https://store.playstation.com/en-us/product/UP0001-CUSA09311_00-ULCQUEST00000001,
COOL PANDA AVATAR,PS4,,12/5/2018,https://store.playstation.com/en-us/product/UP2538-CUSA05620_00-AV00000000000118,
Iconoclasts,PS4,208994304,12/4/2018,https://store.playstation.com/en-us/product/UP1274-PCSE01177_00-ICONOCLASTS00000,
SOMA,PS4,11241717760,12/4/2018,https://store.playstation.com/en-us/product/UP1192-CUSA03333_00-HPL3SOMAGAME2015,
ONRUSH™,PS4,14081392640,12/4/2018,https://store.playstation.com/en-us/product/UP4001-CUSA10887_00-ONRUSH0000000000,
KILLZONE™ SHADOW FALL: The Fighter Skin,PS4,,11/29/2018,https://store.playstation.com/en-us/product/UP9000-CUSA00190_00-SKINFIGHTER0B026,
KILLZONE™ SHADOW FALL: Anniversary pack,PS4,,11/29/2018,https://store.playstation.com/en-us/product/UP9000-CUSA00190_00-MPEXPANSION00002,
Skin by Miki Takahashi,PS4,,11/29/2018,https://store.playstation.com/en-us/product/UP9000-CUSA00190_00-SKINSIREN000B015,
Skin Delftware,PS4,,11/29/2018,https://store.playstation.com/en-us/product/UP9000-CUSA00190_00-SKINDELFTWARB010,
Skin Bloodrage,PS4,,11/29/2018,https://store.playstation.com/en-us/product/UP9000-CUSA00190_00-SKINBLOODRAGB014,
Skin Zebra,PS4,,11/29/2018,https://store.playstation.com/en-us/product/UP9000-CUSA00190_00-SKINZEBRA000B012,
Skin by Shunsuke Saito,PS4,,11/29/2018,https://store.playstation.com/en-us/product/UP9000-CUSA00190_00-SKINSAITO000B016,
Skin Digital camo,PS4,,11/29/2018,https://store.playstation.com/en-us/product/UP9000-CUSA00190_00-SKINCAMO0000B001,
Spotlight move Face in the Dirt,PS4,,11/29/2018,https://store.playstation.com/en-us/product/UP9000-CUSA00190_00-SPOTFACEDIRT0A13,
Cow Owl Skin,PS4,,11/29/2018,https://store.playstation.com/en-us/product/UP9000-CUSA00190_00-SKINCOW00000B022,
The Art of Horizon Zero Dawn,PS4,286851072,11/18/2018,https://store.playstation.com/en-us/product/UP9000-CUSA07553_00-DIGIARTBOOK00000,
Horizon Zero Dawn™ - Digital Deluxe Theme,PS4,7602176,11/18/2018,https://store.playstation.com/en-us/product/UP9000-CUSA01967_00-HZDDYNAMICTHEME4,
RAD SLIME 2,PS4,,11/13/2018,https://store.playstation.com/en-us/product/UP2293-CUSA11587_00-AV00000000000014,
HITMAN™ 2,PS4,10047717376,11/13/2018,https://store.playstation.com/en-us/product/UP4572-CUSA12421_00-STARTPACK0000000,
YAKUZA KIWAMI,PS4,20337983488,11/6/2018,https://store.playstation.com/en-us/product/UP0177-CUSA06997_00-YAKUZAKIWAMI0100,
Roundabout,PS4,4185784320,11/6/2018,https://store.playstation.com/en-us/product/UP0476-PCSE00699_00-LETSGOGEORGIO008,
Burly Men At Sea,PS4,259260416,11/6/2018,https://store.playstation.com/en-us/product/UP1710-CUSA09109_00-BURLYMENATSEA000,
Bulletstorm: Full Clip Edition,PS4,13510508544,11/6/2018,https://store.playstation.com/en-us/product/UP0292-CUSA07143_00-BULLETSTORMFC000,
HITMAN™,PS4,99999999999999,10/19/2018,https://store.playstation.com/en-us/product/UP0082-CUSA02976_00-00000OCTOBERPACK,
Friday the 13th: The Game,PS4,3211198464,10/3/2018,https://store.playstation.com/en-us/product/UP2165-CUSA07878_00-F13GAMEXXXXXXXXX,
2064: Read Only Memories,PS4,827064320,10/3/2018,https://store.playstation.com/en-us/product/UP0436-PCSE00972_00-READONLYMEMORIES,
The Bridge,PS4,348454912,10/3/2018,https://store.playstation.com/en-us/product/UP2199-NPUB31592_00-THEBRIDGEPS30001,
Laser League,PS4,1699807232,10/3/2018,https://store.playstation.com/en-us/product/UP4040-CUSA05983_00-LASERLEAGUE00001,
Rocketbirds 2: Evolution,PS4,5250547712,10/3/2018,https://store.playstation.com/en-us/product/UP5015-PCSE00761_00-RB20000000000001,
Battlefield™ 1 Premium,PS4,1114112,9/26/2018,https://store.playstation.com/en-us/product/UP0006-CUSA02429_00-PREMIUM000000000,
Defiance 2050,PS4,17356619776,9/4/2018,https://store.playstation.com/en-us/product/UP2025-CUSA09630_00-DEFIANCERM000001,
Foul Play,PS4,4403363840,9/4/2018,https://store.playstation.com/en-us/product/UP3643-CUSA00790_00-FOULPLAY00000001,
Destiny 2,PS4,30849302528,9/4/2018,https://store.playstation.com/en-us/product/UP0002-CUSA05042_00-DESTINYTHEGAME02,
Starlit Adventures,PS4,487063552,9/4/2018,https://store.playstation.com/en-us/product/UP0778-CUSA10115_00-STARLITGAME00001,
Sparkle 2,PS4,95682560,9/4/2018,https://store.playstation.com/en-us/product/UP4403-NPUB31640_00-SPARKLE2UNLOCK00,
H1Z1: Battle Royale,PS4,9371320320,9/4/2018,https://store.playstation.com/en-us/product/UP0017-CUSA07507_00-H1Z1CONSOLE00001,
God of War® III Remastered,PS4,39489896448,9/4/2018,https://store.playstation.com/en-us/product/UP9000-CUSA01623_00-0000GODOFWAR3PS4,
Another World - 20th Anniversary Edition,PS4,170655744,9/4/2018,https://store.playstation.com/en-us/product/UP4489-PCSE00472_00-ANOTHERWORLD0000,
Q.U.B.E: Director's Cut,PS4,2091319296,9/4/2018,https://store.playstation.com/en-us/product/UP4151-NPUB31480_00-QUBEDIRECTORSCUT,
Mass Transit,PS4,,8/11/2018,https://store.playstation.com/en-us/product/UP4139-CUSA06548_00-MASSTRANSITNA002,
Dead by Daylight,PS4,8332312576,8/7/2018,https://store.playstation.com/en-us/product/UP3509-CUSA08444_00-DEADBYDAYLIGHT00,
Knowledge is Power,PS4,2914844672,8/7/2018,https://store.playstation.com/en-us/product/UP9000-CUSA08013_00-1709181242KPU1M0,
Here They Lie,PS4,6135480320,8/7/2018,https://store.playstation.com/en-us/product/UP9000-CUSA05018_00-DANA000PS4000123,
Mafia III,PS4,46105755648,8/7/2018,https://store.playstation.com/en-us/product/UP1001-CUSA03652_00-MAFIA30000000001,
Battlefield™ 1 Apocalypse,PS4,1114112,7/31/2018,https://store.playstation.com/en-us/product/UP0006-CUSA02429_00-XPACK04000000000,
Minefield,PS4,1115095040,7/25/2018,https://store.playstation.com/en-us/product/UP2136-CUSA11224_00-KODOSCEADPS40355,
Tales from the Borderlands: Episode Four,PS4,1784938496,7/23/2018,https://store.playstation.com/en-us/product/UP2026-CUSA00870_00-TFTBL0000000DLC4,
Tales from the Borderlands: Episode Three,PS4,1779040256,7/23/2018,https://store.playstation.com/en-us/product/UP2026-CUSA00870_00-TFTBL0000000DLC3,
Tales from the Borderlands: Episode Five,PS4,1729036288,7/23/2018,https://store.playstation.com/en-us/product/UP2026-CUSA00870_00-TFTBL0000000DLC5,
Tales from the Borderlands: Episode Two,PS4,1463418880,7/23/2018,https://store.playstation.com/en-us/product/UP2026-CUSA00870_00-TFTBL0000000DLC2,
The Disney Afternoon Collection,PS4,362807296,7/20/2018,https://store.playstation.com/en-us/product/UP0102-CUSA06809_00-DISNEYLEGCOLLPS4,
Space Overlords,PS4,1438449664,7/5/2018,https://store.playstation.com/en-us/product/UP0809-PCSE00911_00-SPACEOVERLORDS00,
HEAVY RAIN™,PS4,30945050624,7/5/2018,https://store.playstation.com/en-us/product/UP9000-CUSA08344_HEAVYRAIN-DETROITDDE000001,
ABSOLVER,PS4,5957550080,7/5/2018,https://store.playstation.com/en-us/product/UP3643-CUSA06282_00-ABSOLVER00000001,
Extreme Exorcism,PS4,169934848,7/5/2018,https://store.playstation.com/en-us/product/UP2070-CUSA01874_00-EXTREMEXORCISM01,
Fallout Shelter,PS4,393150464,6/12/2018,https://store.playstation.com/en-us/product/UP1003-CUSA11772_00-FALLOUTSHELTER00,
Call of Duty®: Black Ops III,PS4,43576459264,6/11/2018,https://store.playstation.com/en-us/product/UP0002-CUSA02290_00-BLACKOPS3GAME000,
UNRAVEL 2 THEME,PS4,11206656,6/11/2018,https://store.playstation.com/en-us/product/UP0006-CUSA10483_00-UNRAVEL2THEME000,
XCOM 2,PS4,20330971136,6/6/2018,https://store.playstation.com/en-us/product/UP1001-CUSA04552_00-XCOM200000000000,
Trials Fusion™,PS4,5135204352,6/6/2018,https://store.playstation.com/en-us/product/UP0001-CUSA00304_00-TRIALSFUSION0001,
Radio Station Pack,PS4,,5/15/2018,https://store.playstation.com/en-us/product/UP4139-CUSA06548_00-RADIOSTATION1NA2,
Natural Disasters,PS4,,5/15/2018,https://store.playstation.com/en-us/product/UP4139-CUSA06548_00-NATURALDISASTNA2,
Content Creator: Art Deco & High-Tech,PS4,,5/14/2018,https://store.playstation.com/en-us/product/UP4139-CUSA06548_00-ARTDECOHITECHNA2,
Neverwinter,PS4,13780385792,5/14/2018,https://store.playstation.com/en-us/product/UP1980-CUSA04314_00-NWBBBE0000000000,
Battlefield™ 1 They Shall Not Pass,PS4,1114112,5/6/2018,https://store.playstation.com/en-us/product/UP0006-CUSA02429_00-XPACK01000000000,
Rayman Legends,PS4,8506245120,5/1/2018,https://store.playstation.com/en-us/product/UP0001-CUSA00069_00-RAYMANLEGENDS001,
King Oddball,PS4,53673984,5/1/2018,https://store.playstation.com/en-us/product/UP4403-CUSA00461_00-KINGODDBALLPS4US,
Beyond: Two Souls™,PS4,35407134720,5/1/2018,https://store.playstation.com/en-us/product/UP9000-CUSA00495_00-GBEYONDTWO000001,
Assassin's Creed® Origins Roman Centurion Pack,PS4,316407808,4/28/2018,https://store.playstation.com/en-us/product/UP0001-CUSA05855_00-DLCITEMPACK00001,
Assassin's Creed® Origins Horus Pack,PS4,320733184,4/28/2018,https://store.playstation.com/en-us/product/UP0001-CUSA05855_00-DLCITEMPACK00002,
Assassin's Creed® Origins The Curse of the Pharaohs,PS4,15320940544,4/28/2018,https://store.playstation.com/en-us/product/UP0001-CUSA05855_00-DLCEXPENSIONS002,
Assassin's Creed® Origins The Hidden Ones,PS4,7604011008,4/28/2018,https://store.playstation.com/en-us/product/UP0001-CUSA05855_00-DLCEXPENSIONS001,
Mad Max,PS4,33195032576,4/3/2018,https://store.playstation.com/en-us/product/UP1018-CUSA00103_00-MADMAXTHEGAME001,
Q*bert: Rebooted,PS4,113901568,4/3/2018,https://store.playstation.com/en-us/product/UP2135-PCSE00561_00-QBERTREBOOTEDPSV,
99Vidas,PS4,1276706816,4/3/2018,https://store.playstation.com/en-us/product/UP2158-PCSE00914_00-99VIDASPSV160328,
Trackmania Turbo,PS4,4103274496,4/3/2018,https://store.playstation.com/en-us/product/UP0001-CUSA03008_00-TRACKMANIA001000,
In Space We Brawl,PS4,232325120,4/3/2018,https://store.playstation.com/en-us/product/UP4523-NPUB31625_00-INSPACEWEBRAWL01,
Assassin's Creed® Origins Calamity Blade,PS4,1114112,3/27/2018,https://store.playstation.com/en-us/product/UP0001-CUSA05855_00-ULCWEAPON0000013,
Assassin's Creed® Origins Desert Cobra Pack,PS4,317521920,3/27/2018,https://store.playstation.com/en-us/product/UP0001-CUSA05855_00-DLCITEMPACK00003,
Assassin's Creed® Origins: Ambush at Sea,PS4,1114112,3/27/2018,https://store.playstation.com/en-us/product/UP0001-CUSA05855_00-ULCGAMEPLAY00002,
Assassin's Creed® Origins: The Secrets of the First Pyramids,PS4,1114112,3/27/2018,https://store.playstation.com/en-us/product/UP0001-CUSA05855_00-ULCGAMEPLAY00001,
Snowfall,PS4,,3/27/2018,https://store.playstation.com/en-us/product/UP4139-CUSA06548_00-CITIESPREMIUM001,
Cities: Skylines,PS4,1929052160,3/27/2018,https://store.playstation.com/en-us/product/UP4139-CUSA06548_00-CITIESPREMIUM001,
Ratchet & Clank™,PS4,26250182656,3/6/2018,https://store.playstation.com/en-us/product/UP9000-CUSA01047_00-RATCHETPS4000000,
Mighty No. 9,PS4,2170880000,3/6/2018,https://store.playstation.com/en-us/product/UP2047-CUSA02495_00-MIGHTYNUMBERNINE,
Bloodborne™,PS4,27188527104,3/6/2018,https://store.playstation.com/en-us/product/UP9000-CUSA00900_00-BLOODBORNE000000,
Bombing Busters,PS4,416743424,3/6/2018,https://store.playstation.com/en-us/product/UP4082-CUSA03168_00-BOMBINGBUSTERSP4,
Claire,PS4,379977728,3/6/2018,https://store.playstation.com/en-us/product/UP0312-PCSE00815_00-CLAIREEXTENDEDCU,
Real Farm - Potato Pack,PS4,1572864,3/3/2018,https://store.playstation.com/en-us/product/UP1470-CUSA08127_00-REALFARMDLC101US,
Super Meat Boy!,PS4,177078272,2/16/2018,https://store.playstation.com/en-us/product/UP1055-CUSA02845_00-SUPERMEATBOY0000,
RiME,PS4,4224581632,2/6/2018,https://store.playstation.com/en-us/product/UP2346-CUSA05796_00-RIMEGAME01NA0001,
Grand Kingdom,PS4,4961337344,2/6/2018,https://store.playstation.com/en-us/product/UP1063-CUSA04646_00-0000000000000000,
KNACK™,PS4,35590832128,2/6/2018,https://store.playstation.com/en-us/product/UP9000-CUSA00068_00-KNACK00000000000,
Unravel,PS4,3047358464,1/22/2018,https://store.playstation.com/en-us/product/UP0006-CUSA02685_00-UNRAVELUNRAVEL09,
AR STUDIO for THE PLAYROOM,PS4,110755840,1/15/2018,https://store.playstation.com/en-us/product/IP9100-CUSA00001_00-PLAYROOM0DLC0SM0,
Orcs Must Die! Unchained,PS4,5726470144,1/15/2018,https://store.playstation.com/en-us/product/UP2184-CUSA01680_00-OMDUNCHAINED0001,
AdVenture Capitalist,PS4,228261888,1/15/2018,https://store.playstation.com/en-us/product/UP1099-CUSA03234_00-ADVENTURECAPITAL,
Invokers Tournament™,PS4,461766656,1/14/2018,https://store.playstation.com/en-us/product/UP4128-PCSE00637_00-G000000000000533,
Thomas Was Alone,PS4,312672256,1/14/2018,https://store.playstation.com/en-us/product/UP4395-NPUB31243_00-THOMASWASALONEFG,
Pox Nora,PS4,750059520,1/12/2018,https://store.playstation.com/en-us/product/UP1229-CUSA05750_00-POXNORA000000000,
Sound Shapes™ 80’s Sound Pack,PS4,,1/12/2018,https://store.playstation.com/en-us/product/UP9000-PCSA00003_00-SOUNDSHAPESBNDLE,
Sound Shapes™ Lizzywanders Art Pack,PS4,,1/12/2018,https://store.playstation.com/en-us/product/UP9000-PCSA00003_00-SOUNDSHAPESBNDLE,
Sound Shapes™ 8-Bit Sound Pack,PS4,,1/12/2018,https://store.playstation.com/en-us/product/UP9000-PCSA00003_00-SOUNDSHAPESBNDLE,
Sound Shapes™ Nature Art Pack,PS4,,1/12/2018,https://store.playstation.com/en-us/product/UP9000-PCSA00003_00-SOUNDSHAPESBNDLE,
Sound Shapes™ Drum Kits Sound Pack,PS4,,1/12/2018,https://store.playstation.com/en-us/product/UP9000-PCSA00003_00-SOUNDSHAPESBNDLE,
Sound Shapes™ Old School Sound Pack,PS4,,1/12/2018,https://store.playstation.com/en-us/product/UP9000-PCSA00003_00-SOUNDSHAPESBNDLE,
Sound Shapes™ Future Funk 3000 Sound Pack,PS4,,1/12/2018,https://store.playstation.com/en-us/product/UP9000-PCSA00003_00-SOUNDSHAPESBNDLE,
Sound Shapes™ Dubstep Sound Pack,PS4,,1/12/2018,https://store.playstation.com/en-us/product/UP9000-PCSA00003_00-SOUNDSHAPESBNDLE,
Sound Shapes™ City Art Pack,PS4,,1/12/2018,https://store.playstation.com/en-us/product/UP9000-PCSA00003_00-SOUNDSHAPESBNDLE,
Sound Shapes™ Brass Sound Pack,PS4,,1/12/2018,https://store.playstation.com/en-us/product/UP9000-PCSA00003_00-SOUNDSHAPESBNDLE,
Sound Shapes™ Car Mini-Album ,PS4,,1/12/2018,https://store.playstation.com/en-us/product/UP9000-PCSA00003_00-SOUNDSHAPESBNDLE,
Sound Shapes™ Curved Terrain Pack,PS4,,1/12/2018,https://store.playstation.com/en-us/product/UP9000-PCSA00003_00-SOUNDSHAPESBNDLE,
Sound Shapes™ Hohokum Art and Sound Pack,PS4,,1/12/2018,https://store.playstation.com/en-us/product/UP9000-PCSA00003_00-SOUNDSHAPESBNDLE,
Sound Shapes™ Vocoder Sound Pack,PS4,,1/12/2018,https://store.playstation.com/en-us/product/UP9000-PCSA00003_00-SOUNDSHAPESBNDLE,
Sound Shapes™ Acoustic Sound Pack,PS4,,1/12/2018,https://store.playstation.com/en-us/product/UP9000-PCSA00003_00-SOUNDSHAPESBNDLE,
PSYCHO-PASS MANDATORY HAPPINESS,PS4,2532311040,1/3/2018,https://store.playstation.com/en-us/product/UP1063-CUSA05128_00-PSYCHOPASSPS4000,
Batman The Telltale Series,PS4,999999999999,1/3/2018,https://store.playstation.com/en-us/product/UP2026-CUSA05332_00-BATM000000000000,
Deus Ex: Mankind Divided™,PS4,39078658048,1/3/2018,https://store.playstation.com/en-us/product/UP0082-CUSA01799_00-DXMANKINDIVIDED0,
Uncanny Valley,PS4,166920192,1/3/2018,https://store.playstation.com/en-us/product/UP2187-CUSA03868_00-UNCVALLEYPS4000U,
StarBlood Arena,PS4,5551947776,1/3/2018,https://store.playstation.com/en-us/product/UP9000-CUSA04511_00-WDIPROJECTD00000,
Hotline Miami,PS4,828702720,12/31/2017,https://store.playstation.com/en-us/product/UP3643-NPUB31200_00-HOTLINEMIAMI0000,
Trine 3: The Artifacts of Power,PS4,2396127232,12/28/2017,https://store.playstation.com/en-us/product/UP4029-CUSA03082_00-TRINE3ARTIFASCEA,
Darksiders II Deathinitive Edition,PS4,14006812672,12/24/2017,https://store.playstation.com/en-us/product/UP4389-CUSA02420_00-DARKSIDERS2PS4A1,
Kung Fu Panda: Showdown of Legendary Legends,PS4,4791795712,12/24/2017,https://store.playstation.com/en-us/product/UP2089-CUSA02411_00-KUNGFUPANDASLL00,
forma.8,PS4,417333248,12/24/2017,https://store.playstation.com/en-us/product/UP4487-PCSE00797_00-0000000000FORMA8,
Worms Battlegrounds,PS4,2235367424,11/29/2017,https://store.playstation.com/en-us/product/UP4064-CUSA00192_00-WORMSBGS00000000,
Until Dawn™: Rush of Blood,PS4,13056475136,11/29/2017,https://store.playstation.com/en-us/product/UP9000-CUSA03683_00-RUSHOFBLOOD00001,
Dungeon Punks,PS4,682819584,11/29/2017,https://store.playstation.com/en-us/product/UP0873-CUSA05255_00-DUNGEONPUNKS0001,
Bound,PS4,1554579456,11/29/2017,https://store.playstation.com/en-us/product/UP9000-CUSA04193_00-BOUNDGAMEUS00001,
Uncharted 4: A Thief’s End Ink Dynamic Theme,PS4,34930688,11/19/2017,https://store.playstation.com/en-us/product/UP9000-CUSA07737_00-UNCHARTED10BUNDL,
UNCHARTED 10TH ANNIVERSARY AVATAR,PS4,,11/19/2017,https://store.playstation.com/en-us/product/UP9000-CUSA07737_00-UNCHARTED10BUNDL,
Uncharted 10th Anniversary Theme,PS4,50003968,11/19/2017,https://store.playstation.com/en-us/product/UP9000-CUSA07737_00-UNCHARTED10BUNDL,
UNCHARTED 2: Among Thieves Remastered Dynamic Theme,PS4,26411008,11/19/2017,https://store.playstation.com/en-us/product/UP9000-CUSA07737_00-UNCHARTED10BUNDL,
Uncharted 4 – Shipwreck Dynamic Theme,PS4,25952256,11/19/2017,https://store.playstation.com/en-us/product/UP9000-CUSA07737_00-UNCHARTED10BUNDL,
UNCHARTED 4: A THIEF'S END VICTOR SULLIVAN AVATAR,PS4,,11/19/2017,https://store.playstation.com/en-us/product/UP9000-CUSA07737_00-UNCHARTED10BUNDL,
UNCHARTED 4: A THIEF'S END NATHAN DRAKE AVATAR,PS4,,11/19/2017,https://store.playstation.com/en-us/product/UP9000-CUSA07737_00-UNCHARTED10BUNDL,
UNCHARTED 4: A THIEF'S END SAM DRAKE AVATAR,PS4,,11/19/2017,https://store.playstation.com/en-us/product/UP9000-CUSA07737_00-UNCHARTED10BUNDL,
UNCHARTED 4: A THIEF'S END ELENA FISHER AVATAR,PS4,,11/19/2017,https://store.playstation.com/en-us/product/UP9000-CUSA07737_00-UNCHARTED10BUNDL,
UNCHARTED: Drake's Fortune Remastered Dynamic Theme,PS4,24444928,11/19/2017,https://store.playstation.com/en-us/product/UP9000-CUSA07737_00-UNCHARTED10BUNDL,
Uncharted 4: A Thief’s End Fire Dynamic Theme,PS4,32112640,11/19/2017,https://store.playstation.com/en-us/product/UP9000-CUSA07737_00-UNCHARTED10BUNDL,
Amnesia Collection,PS4,6683492352,10/3/2017,https://store.playstation.com/en-us/product/UP1192-CUSA05882_00-AMNESIACOLECTION,
Sky Force Anniversary,PS4,337641472,10/3/2017,https://store.playstation.com/en-us/product/UP4179-NPUB31813_00-SKYFORCEANNIVERS,
Hue,PS4,258015232,10/3/2017,https://store.playstation.com/en-us/product/UP4395-CUSA07205_HUE-INSTANTINDIEVOL4,
METAL GEAR SOLID V: THE PHANTOM PAIN,PS4,26972913664,10/3/2017,https://store.playstation.com/en-us/product/UP0101-CUSA01140_00-MAINGAME00000000,
RESOGUN™ Wipeout Piranha,PS4,,9/13/2017,https://store.playstation.com/en-us/product/UP9000-CUSA00038_00-B000000000001730,
RESOGUN™ Wipeout Qirex,PS4,,9/13/2017,https://store.playstation.com/en-us/product/UP9000-CUSA00038_00-B000000000001730,
RESOGUN™ Skeleton,PS4,,9/13/2017,https://store.playstation.com/en-us/product/UP9000-CUSA00038_00-RESOGUNHUMANPCK2,
RESOGUN™ Lemmings,PS4,,9/13/2017,https://store.playstation.com/en-us/product/UP9000-CUSA00038_00-B000000000001728,
RESOGUN™ Turkey,PS4,,9/13/2017,https://store.playstation.com/en-us/product/UP9000-CUSA00038_00-B000000000001727,
RESOGUN™ Uncle Sam,PS4,,9/13/2017,https://store.playstation.com/en-us/product/UP9000-CUSA00038_00-RESOGUNHUMANPCK1,
RESOGUN™ Ninja,PS4,,9/13/2017,https://store.playstation.com/en-us/product/UP9000-CUSA00038_00-B000000000001727,
RESOGUN™ Oktoberfest,PS4,,9/13/2017,https://store.playstation.com/en-us/product/UP9000-CUSA00038_00-RESOGUNHUMANPCK2,
RESOGUN™ Pirate,PS4,,9/13/2017,https://store.playstation.com/en-us/product/UP9000-CUSA00038_00-RESOGUNHUMANPCK1,
RESOGUN™ Carnival,PS4,,9/13/2017,https://store.playstation.com/en-us/product/UP9000-CUSA00038_00-B000000000001728,
RESOGUN™ Astronaut,PS4,,9/13/2017,https://store.playstation.com/en-us/product/UP9000-CUSA00038_00-RESOGUNHUMANPCK1,
RESOGUN™ Heroes,PS4,,9/13/2017,https://store.playstation.com/en-us/product/UP9000-CUSA00038_00-RESOGUNHEROES002,
RESOGUN™ Teddy,PS4,,9/13/2017,https://store.playstation.com/en-us/product/UP9000-CUSA00038_00-B000000000001728,
RESOGUN™ Wipeout Feisar,PS4,,9/13/2017,https://store.playstation.com/en-us/product/UP9000-CUSA00038_00-B000000000001730,
RESOGUN™ Bunny,PS4,,9/13/2017,https://store.playstation.com/en-us/product/UP9000-CUSA00038_00-B000000000001729,
RESOGUN™ Dragon,PS4,,9/13/2017,https://store.playstation.com/en-us/product/UP9000-CUSA00038_00-B000000000001729,
RESOGUN™ Wipeout AG-Systems,PS4,,9/13/2017,https://store.playstation.com/en-us/product/UP9000-CUSA00038_00-B000000000001730,
RESOGUN™ Wipeout Auricom,PS4,,9/13/2017,https://store.playstation.com/en-us/product/UP9000-CUSA00038_00-B000000000001730,
RESOGUN™ Zombie,PS4,,9/13/2017,https://store.playstation.com/en-us/product/UP9000-CUSA00038_00-B000000000001727,
RESOGUN™ Defenders,PS4,,9/13/2017,https://store.playstation.com/en-us/product/UP9000-CUSA00038_00-RESOGUNDEFEND002,
RESOGUN™ Scarecrow,PS4,,9/13/2017,https://store.playstation.com/en-us/product/UP9000-CUSA00038_00-RESOGUNHUMANPCK2,
RESOGUN™ Leprechaun,PS4,,9/13/2017,https://store.playstation.com/en-us/product/UP9000-CUSA00038_00-B000000000001729,
Hatoful Boyfriend,PS4,2221342720,9/5/2017,https://store.playstation.com/en-us/product/UP3643-CUSA01957_00-HATOFULBOYFNDPS4,
WE ARE DOOMED,PS4,34340864,9/5/2017,https://store.playstation.com/en-us/product/UP2195-CUSA01783_00-WEAREDOOMED00000,
Strike Vector EX,PS4,2656960512,9/5/2017,https://store.playstation.com/en-us/product/UP2335-CUSA03009_00-STRIKEVECTOREX75,
RIGS Mechanized Combat League™,PS4,18384224256,9/5/2017,https://store.playstation.com/en-us/product/UP9000-CUSA02983_00-RIGS000000000000,
inFAMOUS Second Son™,PS4,21499478016,9/5/2017,https://store.playstation.com/en-us/product/UP9000-CUSA00223_00-SECONDSONSHIP000,
Uncharted™ 4 - Uncharted: The Lost Legacy MP Gameplay Bundle,PS4,,8/22/2017,https://store.playstation.com/en-us/product/UP9000-CUSA00341_00-UTLLMPUNLOCK0001,
Jak and Daxter: The Precursor Legacy™,PS4,977010688,8/22/2017,https://store.playstation.com/en-us/product/UP9000-CUSA02522_00-SCUS971240000001,
Evolve,PS4,23037345792,8/16/2017,https://store.playstation.com/en-us/product/UP1001-CUSA00345_EVOLVE-2017HUMBLEBUNDL2,
Battleborn,PS4,15827533824,8/16/2017,https://store.playstation.com/en-us/product/UP1001-CUSA00345_00-2017HUMBLEBUNDL2,
Assassin's Creed® Freedom Cry,PS4,7657226240,8/1/2017,https://store.playstation.com/en-us/product/UP0001-CUSA00416_00-ACBFDLCSPSA00001,
Super Motherload,PS4,393609216,8/1/2017,https://store.playstation.com/en-us/product/UP2095-CUSA00045_00-SMLPS40000000000,
Just Cause 3,PS4,38489030656,8/1/2017,https://store.playstation.com/en-us/product/UP0082-CUSA01493_00-JUSTCAUSE3NA0000,
Downwell,PS4,55902208,8/1/2017,https://store.playstation.com/en-us/product/UP3643-PCSE00873_00-DOWNWELLUSPV0001,
Crash Bandicoot: N. Sane Trilogy Extra Level,PS4,,7/20/2017,https://store.playstation.com/en-us/product/UP0002-CUSA07402_00-CRASHNSANELEVEL1,
KILLZONE™ SHADOW FALL: The Academy Map Pack,PS4,983367680,7/18/2017,https://store.playstation.com/en-us/product/UP9000-CUSA00190_00-FREECONTENT00004,
KILLZONE™ SHADOW FALL: The Statue Map Pack,PS4,905445376,7/18/2017,https://store.playstation.com/en-us/product/UP9000-CUSA00190_00-FREECONTENT00004,
KILLZONE™ SHADOW FALL Terminal/Stormgratch Map Pack,PS4,2257125376,7/18/2017,https://store.playstation.com/en-us/product/UP9000-CUSA00190_00-FREECONTENT00004,
KILLZONE™ SHADOW FALL Map Pack,PS4,602406912,7/18/2017,https://store.playstation.com/en-us/product/UP9000-CUSA00190_00-FREECONTENT00004,
KILLZONE™ SHADOW FALL Cruiser/Hanger Map Pack,PS4,1155334144,7/18/2017,https://store.playstation.com/en-us/product/UP9000-CUSA00190_00-FREECONTENT00004,
INSIDE,PS4,2075197440,7/18/2017,https://store.playstation.com/en-us/product/UP2054-CUSA05297_00-INSIDE0000000000,
Game of Thrones: Episode Five,PS4,2128347136,7/5/2017,https://store.playstation.com/en-us/product/UP2026-CUSA01402_00-GOT000000000DLC5,
Game of Thrones: Episode Four,PS4,2443378688,7/5/2017,https://store.playstation.com/en-us/product/UP2026-CUSA01402_00-GOT000000000DLC4,
Game of Thrones: Episode Six,PS4,3304587264,7/5/2017,https://store.playstation.com/en-us/product/UP2026-CUSA01402_00-GOT000000000DLC6,
Game of Thrones: Episode Three,PS4,1975451648,7/5/2017,https://store.playstation.com/en-us/product/UP2026-CUSA01402_00-GOT000000000DLC3,
Game of Thrones: Episode Two,PS4,1493106688,7/5/2017,https://store.playstation.com/en-us/product/UP2026-CUSA01402_00-GOT000000000DLC2,
Don't Die Mr Robot,PS4,79626240,7/5/2017,https://store.playstation.com/en-us/product/UP4514-PCSE00559_00-DONTDIEMRROBOTUS,
Game of Thrones,PS4,9999999999,7/5/2017,https://store.playstation.com/en-us/product/UP2026-CUSA01402_00-C000000000000000,
Until Dawn™,PS4,37847760896,7/5/2017,https://store.playstation.com/en-us/product/UP9000-CUSA00359_00-UNTILDAWN0000001,
Insurgent expansion pack,PS4,,7/3/2017,https://store.playstation.com/en-us/product/UP9000-CUSA00190_00-MPEXPANSION00001,
Killzone™ Shadow Fall Intercept Online Co-Op Expansion,PS4,2469330944,7/3/2017,https://store.playstation.com/en-us/product/UP9000-CUSA00190_00-COOPEXPANSION000,
Head Kick Spotlight Move,PS4,,7/3/2017,https://store.playstation.com/en-us/product/UP9000-CUSA00190_00-MPEXPANSION00001,
Finger Breaker Spotlight Move,PS4,,7/3/2017,https://store.playstation.com/en-us/product/UP9000-CUSA00190_00-MPEXPANSION00001,
C4 Spotlight Move,PS4,,7/3/2017,https://store.playstation.com/en-us/product/UP9000-CUSA00190_00-MPEXPANSION00001,
Bomber Automata Skin,PS4,,7/3/2017,https://store.playstation.com/en-us/product/UP9000-CUSA00190_00-MPEXPANSION00001,
Neon Chrome,PS4,140836864,6/6/2017,https://store.playstation.com/en-us/product/UP4403-PCSE00835_00-NEONCHROME000000,
Spy Chameleon,PS4,187039744,6/6/2017,https://store.playstation.com/en-us/product/UP2632-CUSA05722_00-UPSPYCHAMELEON01,
Killing Floor 2,PS4,9635889152,6/6/2017,https://store.playstation.com/en-us/product/UP0115-CUSA02134_00-KFGAME0000000001,
Life Is Strange™,PS4,999999999999,6/6/2017,https://store.playstation.com/en-us/product/UP0082-CUSA01442_00-B000000000001366,
Type:Rider,PS4,475856896,5/21/2017,https://store.playstation.com/en-us/product/UP1309-PCSE00837_00-TYPERIDERVITAUSA,
Laser Disco Defenders,PS4,432734208,5/21/2017,https://store.playstation.com/en-us/product/UP0809-CUSA05146_00-LASERDISCODEFEND,
ABZÛ,PS4,1921384448,5/21/2017,https://store.playstation.com/en-us/product/UP4040-CUSA03349_00-ABZUGAME00000000,
Curses 'N Chaos,PS4,184745984,4/26/2017,https://store.playstation.com/en-us/product/UP2114-PCSE00716_00-0000000000000001,
10 Second Ninja X,PS4,335151104,4/26/2017,https://store.playstation.com/en-us/product/UP4395-PCSE00890_00-10SECNINJAVITAUS,
Lovers in a Dangerous Spacetime,PS4,900005888,4/26/2017,https://store.playstation.com/en-us/product/UP0045-CUSA04075_00-LOVERS0000000000,
Drawn to Death™,PS4,2542010368,4/26/2017,https://store.playstation.com/en-us/product/UP9000-CUSA06186_00-DRAWNTODEATH0001,
Assassin’s Creed® Chronicles: China,PS4,3143630848,3/26/2017,https://store.playstation.com/en-us/product/UP0001-NPUB50322_00-B000000000001785,
Assassin’s Creed® Chronicles: India,PS4,3612278784,3/26/2017,https://store.playstation.com/en-us/product/UP0001-NPUB50322_00-B000000000001785,
Assassin’s Creed® Chronicles: Russia,PS4,5040439296,3/26/2017,https://store.playstation.com/en-us/product/UP0001-NPUB50322_00-B000000000001785,
The Torn-Away Pack,PS4,,3/7/2017,https://store.playstation.com/en-us/product/UP9000-CUSA01607_00-TEARAWAYUNFOLDED,
Disc Jam™,PS4,959578112,3/7/2017,https://store.playstation.com/en-us/product/UP1767-CUSA04613_00-HIGHHORSEDISCJAM,
Tearaway® Unfolded,PS4,6579159040,3/7/2017,https://store.playstation.com/en-us/product/UP9000-CUSA01607_00-TEARAWAYUNFOLDED,
Lumo,PS4,3370385408,3/7/2017,https://store.playstation.com/en-us/product/UP4034-PCSE00857_00-LUMO000000000000,
Tearaway® Unfolded Soundtrack,PS4,701956096,3/7/2017,https://store.playstation.com/en-us/product/UP9000-CUSA01607_00-TEARAWAYUNFOLDED,
The Pop-Up Pack,PS4,,3/7/2017,https://store.playstation.com/en-us/product/UP9000-CUSA01607_00-TEARAWAYUNFOLDED,
Ninja Senki DX,PS4,46137344,3/2/2017,https://store.playstation.com/en-us/product/UP2114-PCSE00817_00-SHURIKENMASTERDX,
TorqueL,PS4,409862144,3/2/2017,https://store.playstation.com/en-us/product/UP0969-PCSE00671_00-0000000000000000,
NOT A HERO,PS4,855506944,3/2/2017,https://store.playstation.com/en-us/product/UP3643-CUSA02996_00-NOTAHEROUS000001,
STARWHAL,PS4,706609152,3/2/2017,https://store.playstation.com/en-us/product/UP2177-NPUB31648_00-STARWHALJTT60000,
Titan Souls,PS4,338690048,1/4/2017,https://store.playstation.com/en-us/product/UP3643-CUSA01598_00-DEVOTITANSOULS01,
This War of Mine: The Little Ones,PS4,1222705152,1/4/2017,https://store.playstation.com/en-us/product/UP2047-CUSA02696_00-THISWAROFMINEG01,
Azkend 2,PS4,99024896,1/4/2017,https://store.playstation.com/en-us/product/UP4403-PCSE00861_00-AZKEND2000000000,
The Swindle,PS4,240189440,1/4/2017,https://store.playstation.com/en-us/product/UP4395-PCSE00684_00-THESWINDLEUSAVIT,
Day of the Tentacle Remastered,PS4,1790574592,1/4/2017,https://store.playstation.com/en-us/product/UP2154-PCSE00658_00-DAYOFTHETENTACLE,
Color Guardians,PS4,776470528,12/14/2016,https://store.playstation.com/en-us/product/UP2183-CUSA01674_00-FPLCGMAINGAME001,
"Invisible, Inc. Console Edition",PS4,1139867648,12/14/2016,https://store.playstation.com/en-us/product/UP2107-CUSA04254_00-INVISINCPS4A0001,
KILLZONE™ SHADOW FALL Intercept: Weapons Facility / Academy Map Pack,PS4,1673134080,12/14/2016,https://store.playstation.com/en-us/product/UP9000-CUSA00190_00-COOPEXPANSION003,
KILLZONE™ SHADOW FALL Checkpoint/Containment City Map Pack,PS4,1312948224,12/14/2016,https://store.playstation.com/en-us/product/UP9000-CUSA00190_00-COOPEXPANSION003,
KILLZONE™ SHADOW FALL Intercept: ATAC Tower / Canal Map Pack,PS4,1814102016,12/14/2016,https://store.playstation.com/en-us/product/UP9000-CUSA00190_00-COOPEXPANSION003,
Stories:The Path of Destinies,PS4,2208563200,12/14/2016,https://store.playstation.com/en-us/product/UP0632-CUSA04101_00-STORIESGAME00001,
Hyper Void,PS4,675151872,12/14/2016,https://store.playstation.com/en-us/product/UP2171-NPUB31617_00-ZERODATAGAME0001,
Tiny Troopers Joint Ops,PS4,1182662656,12/14/2016,https://store.playstation.com/en-us/product/UP4382-CUSA00570_00-TTSPECOPS0000013,
Far Cry® Primal - Legend of the Mammoth,PS4,1114112,11/30/2016,https://store.playstation.com/en-us/product/UP0001-CUSA03352_00-MAMMOTH000000000,
Middle-earth™: Shadow of Mordor™ - Game of the Year Edition,PS4,36751736832,11/25/2016,https://store.playstation.com/en-us/product/UP1018-CUSA01939_00-SHADOWMORDORGOTY,
Everybody's Gone To The Rapture™,PS4,5702680576,11/1/2016,https://store.playstation.com/en-us/product/UP9000-CUSA02405_00-RAPTURE000000001,
The Deadly Tower of Monsters,PS4,1917190144,11/1/2016,https://store.playstation.com/en-us/product/UP0005-CUSA01937_00-DEADLYTOWEROFMON,
Letter Quest Remastered,PS4,214433792,11/1/2016,https://store.playstation.com/en-us/product/UP2187-PCSE00825_00-LETTERQUESTPSV0U,
Pumped BMX +,PS4,218365952,11/1/2016,https://store.playstation.com/en-us/product/UP4395-NPUB31728_00-PUMPED2SCEAPS300,
Assassin’s Creed® Syndicate RUNAWAY TRAIN,PS4,1114112,10/30/2016,https://store.playstation.com/en-us/product/UP0001-CUSA02389_00-ULCGAMEPLAY00002,
Assassin’s Creed® Syndicate Steampunk Pack,PS4,2062811136,10/30/2016,https://store.playstation.com/en-us/product/UP0001-CUSA02389_00-DLCWEAPONPACK001,
Assassin’s Creed® Syndicate Steampunk Outfit for Evie,PS4,1031405568,10/30/2016,https://store.playstation.com/en-us/product/UP0001-CUSA02389_00-DLCOUTFIT0000001,
Assassin’s Creed® Syndicate Victorian Legends Outfit for Jacob,PS4,1076035584,10/30/2016,https://store.playstation.com/en-us/product/UP0001-CUSA02389_00-DLCOUTFIT0000002,
Assassin’s Creed® Syndicate Victorian Legends Pack,PS4,2105933824,10/30/2016,https://store.playstation.com/en-us/product/UP0001-CUSA02389_00-DLCWEAPONPACK002,
Assassin’s Creed® Syndicate Jack the Ripper,PS4,16801923072,10/30/2016,https://store.playstation.com/en-us/product/UP0001-CUSA02389_00-DLCJACKTHERIPPER,
Assassin’s Creed® Syndicate Streets of London Pack,PS4,1114112,10/30/2016,https://store.playstation.com/en-us/product/UP0001-CUSA02389_00-DLCULCPACK000001,
Assassin’s Creed® Syndicate The Last Maharaja Missions Pack,PS4,4806934528,10/30/2016,https://store.playstation.com/en-us/product/UP0001-CUSA02389_00-DLCGAMEPLAYPACK1,
Assassin’s Creed® Syndicate A Long Night,PS4,1114112,10/30/2016,https://store.playstation.com/en-us/product/UP0001-CUSA02389_00-ACVICTSEASONPASS,
Fallout 4 - Nuka World,PS4,4561371136,10/15/2016,https://store.playstation.com/en-us/product/UP1003-CUSA02557_00-FALLOUT4DLC00006,
Fallout 4 - Vault-Tec Workshop,PS4,597622784,10/15/2016,https://store.playstation.com/en-us/product/UP1003-CUSA02557_00-FALLOUT4DLC00005,
Fallout 4 - Contraptions Workshop,PS4,162463744,10/15/2016,https://store.playstation.com/en-us/product/UP1003-CUSA02557_00-FALLOUT4DLC00004,
Assassin’s Creed® Syndicate The Dreadful Crimes,PS4,1114112,10/15/2016,https://store.playstation.com/en-us/product/UP0001-CUSA02389_00-DLCPS4EXCLUSIVE0,
TRANSFORMERS: Devastation,PS4,11376263168,10/9/2016,https://store.playstation.com/en-us/product/UP0002-CUSA01410_00-TRANSFORMERS2015,
Resident Evil®,PS4,15262482432,10/9/2016,https://store.playstation.com/en-us/product/UP0102-CUSA01068_00-BHRHDPS400000001,
BADLAND: Game of the Year Edition,PS4,247332864,9/10/2016,https://store.playstation.com/en-us/product/UP4530-PCSE00573_00-GAMEOFTHEYEAREDI,
Lords of the Fallen,PS4,5079302144,9/10/2016,https://store.playstation.com/en-us/product/UP4321-CUSA00369_00-LORDSOFTHEFALLEN,
Ultratron,PS4,187695104,8/8/2016,https://store.playstation.com/en-us/product/UP4395-NPUB31453_00-DROIDPACKPS3USA0,
Tricky Towers,PS4,282329088,8/8/2016,https://store.playstation.com/en-us/product/UP0999-CUSA05186_00-0TRICKYTOWERSPS4,
Rebel Galaxy,PS4,2828795904,8/8/2016,https://store.playstation.com/en-us/product/UP0224-CUSA02381_00-REBELGALAXY00000,
Amazon Prime Video,PS4,8519680,7/24/2016,https://store.playstation.com/en-us/product/UP2064-CUSA00130_00-AIV00000000000US,
Furi,PS4,3646357504,7/20/2016,https://store.playstation.com/en-us/product/UP0774-CUSA04917_00-00000000FURISCEA,
Saints Row: Gat out of Hell,PS4,6976569344,7/20/2016,https://store.playstation.com/en-us/product/UP2047-CUSA00997_00-DIGISAINTSROWGAT,
Paragon,PS4,3763273728,7/20/2016,https://store.playstation.com/en-us/product/UP1477-CUSA03608_00-PARAGONSTARTERXX,
Naval Strike,PS4,4376231936,7/20/2016,https://store.playstation.com/en-us/product/UP0006-CUSA00110_00-XPACK02000000000,
Second Assault,PS4,4753391616,6/22/2016,https://store.playstation.com/en-us/product/UP0006-CUSA00110_00-XPACK00000000000,
Gone Home: Console Edition,PS4,3273981952,6/11/2016,https://store.playstation.com/en-us/product/UP1012-CUSA01228_00-GONEHOME00000000,
NBA 2K16,PS4,44147474432,6/11/2016,https://store.playstation.com/en-us/product/UP1001-CUSA02741_00-NBA2K16000000000,
Fallout 4 - Far Harbor,PS4,4980801536,5/20/2016,https://store.playstation.com/en-us/product/UP1003-CUSA02557_00-FALLOUT4DLC00003,
F‌inal Stand,PS4,6331039744,5/17/2016,https://store.playstation.com/en-us/product/UP0006-CUSA00110_00-XPACK04000000000,
Uncharted™ 4 - Golden Weapon Skin,PS4,,5/11/2016,https://store.playstation.com/en-us/product/UP9000-CUSA00341_00-GOLDENWEAPONSKIN,
Uncharted™ 4 - Fortune Hunter Drake,PS4,,5/11/2016,https://store.playstation.com/en-us/product/UP9000-CUSA00341_00-UDFNATEDRAKESKIN,
Uncharted™ 4 - Snow Weapon Skin,PS4,,5/11/2016,https://store.playstation.com/en-us/product/UP9000-CUSA00341_00-SNOWWEAPONSKIN00,
Uncharted™ 4 - Desert Drake,PS4,,5/11/2016,https://store.playstation.com/en-us/product/UP9000-CUSA00341_00-DESERTDRAKESKIN0,
Fallout 4 - Wasteland Workshop,PS4,49086464,5/8/2016,https://store.playstation.com/en-us/product/UP1003-CUSA02557_00-FALLOUT4DLC00002,
Dragon's Teeth,PS4,6749552640,5/4/2016,https://store.playstation.com/en-us/product/UP0006-CUSA00110_00-XPACK03000000000,
Legacy Operations,PS4,2907766784,5/4/2016,https://store.playstation.com/en-us/product/UP0006-CUSA00110_00-XPACK07000000000,
Community Operations,PS4,2696871936,5/4/2016,https://store.playstation.com/en-us/product/UP0006-CUSA00110_00-XPACK06000000000,
Night Operations,PS4,641662976,5/4/2016,https://store.playstation.com/en-us/product/UP0006-CUSA00110_00-XPACK05000000000,
Table Top Racing: World Tour,PS4,1792344064,5/3/2016,https://store.playstation.com/en-us/product/UP2336-CUSA04838_00-TABLETOPRACINGWT,
Tropico 5,PS4,2625765376,5/3/2016,https://store.playstation.com/en-us/product/UP2060-CUSA01216_00-00000000TROPICO5,
Switch Galaxy Ultra,PS4,727711744,5/3/2016,https://store.playstation.com/en-us/product/UP4460-CUSA00789_00-SGUPS401ATOMICOM,
Dragon Age: Inquisition Costume Pack,PS4,,4/24/2016,https://store.playstation.com/en-us/product/UP9000-CUSA00473_00-LBP3GAME00000001,
TOY MAKER for THE PLAYROOM,PS4,5308416,4/24/2016,https://store.playstation.com/en-us/product/IP9100-CUSA00001_00-PLAYROOM0DLC0CA1,
NINJA BOTS for THE PLAYROOM,PS4,90832896,4/24/2016,https://store.playstation.com/en-us/product/IP9100-CUSA00001_00-PLAYROOM0DLC0NJA,
inFAMOUS: Second Son™,PS4,,4/24/2016,https://store.playstation.com/en-us/product/UP9000-CUSA00473_00-LBP3GAME00000001,
Helghast Costume,PS4,,4/24/2016,https://store.playstation.com/en-us/product/UP9000-CUSA00473_00-LBP3GAME00000001,
Ellie Costume,PS4,,4/24/2016,https://store.playstation.com/en-us/product/UP9000-CUSA00473_00-LBP3GAME00000001,
Nathan Drake Costume,PS4,,4/24/2016,https://store.playstation.com/en-us/product/UP9000-CUSA00473_00-LBP3GAME00000001,
The Order: 1886,PS4,31582978048,4/24/2016,https://store.playstation.com/en-us/product/UP9000-CUSA00785_00-TO1886GAME000000,
MY ALIEN BUDDY for THE PLAYROOM,PS4,131137536,4/24/2016,https://store.playstation.com/en-us/product/IP9100-CUSA00001_00-PLAYROOM0DLC0DFB,
Sleeping Dogs: Definitive Edition,PS4,17857052672,4/24/2016,https://store.playstation.com/en-us/product/UP0082-CUSA01111_00-0000SLEEPINGDOGS,
LittleBigPlanet™3,PS4,12197101568,4/24/2016,https://store.playstation.com/en-us/product/UP9000-CUSA00473_00-LBP3GAME00000001,
The Muppets Premium Level Kit,PS4,,4/11/2016,https://store.playstation.com/en-us/product/UP9000-BCUS98245_00-LBPDLCDSMULK0001,
LittleBigPlanet™2: Move Pack,PS4,,4/11/2016,https://store.playstation.com/en-us/product/UP9000-BCUS98245_00-LBPDLCMOVELK0001,
LittleBigPlanet™2: Cross-Controller Pack,PS4,,4/11/2016,https://store.playstation.com/en-us/product/UP9000-BCUS98245_00-LBPDLCORIGLK0010,
DC Comics™ Premium Level Pack,PS4,,4/11/2016,https://store.playstation.com/en-us/product/UP9000-BCUS98245_00-LBPDLCWBDCLK0001,
Rowlf,PS4,,4/11/2016,https://store.playstation.com/en-us/product/UP9000-BCUS98245_00-LBPDLCDSMULK0001,
ZOMBI,PS4,22237806592,4/9/2016,https://store.playstation.com/en-us/product/UP0001-CUSA01886_00-ZUNEXTPS4PORT001,
Dead Star™,PS4,1260126208,4/9/2016,https://store.playstation.com/en-us/product/UP1359-CUSA03138_00-DEADSTARGAME0000,
Shütshimi,PS4,152240128,4/9/2016,https://store.playstation.com/en-us/product/UP2148-PCSE00705_00-SHUTSHIMI0000000,
China Rising,PS4,3763142656,3/23/2016,https://store.playstation.com/en-us/product/UP0006-CUSA00110_00-XPACK10000000000,
Fallout 4 - Automatron,PS4,1269628928,3/22/2016,https://store.playstation.com/en-us/product/UP1003-CUSA02557_00-FALLOUT4DLC00001,
Galak-Z,PS4,2440036352,3/7/2016,https://store.playstation.com/en-us/product/UP0319-CUSA02049_00-GALAKZUSPS456789,
Broforce,PS4,1369505792,3/7/2016,https://store.playstation.com/en-us/product/UP3643-CUSA00911_00-00000BROFORCEPS4,
Never Alone: Foxtales,PS4,158793728,3/6/2016,https://store.playstation.com/en-us/product/UP2159-CUSA01305_00-NEVERALONEPS4001,
HELLDIVERS™,PS4,3031367680,2/2/2016,https://store.playstation.com/en-us/product/UP9000-CUSA00142_00-HELLDIVERSSCEA00,
Nova-111,PS4,356515840,2/2/2016,https://store.playstation.com/en-us/product/UP4395-CUSA02354_00-NOVA111PS4USA000,
Nom Nom Galaxy,PS4,428736512,2/2/2016,https://store.playstation.com/en-us/product/UP4415-CUSA01365_00-NOMNOMGALAXY0000,
Hardware: Rivals™,PS4,3307208704,1/12/2016,https://store.playstation.com/en-us/product/UP9000-CUSA01965_00-HHD0000000000000,
Grim Fandango Remastered,PS4,4476567552,1/12/2016,https://store.playstation.com/en-us/product/UP2154-CUSA01319_00-GRIMFANDANGOPS04,
SHAREfactory™,PS4,971177984,12/6/2015,https://store.playstation.com/en-us/product/IP9100-CUSA00572_00-SFRELE0000000100,
Gauntlet™,PS4,1774518272,12/6/2015,https://store.playstation.com/en-us/product/UP1018-CUSA00701_00-GAUNTLETGAME0000,
King's Quest,PS4,,12/6/2015,https://store.playstation.com/en-us/product/UP0002-CUSA01447_00-KINGSQUESTCHAPT1,
Spotify,PS4,9830400,11/22/2015,https://store.playstation.com/en-us/product/EP4950-CUSA01780_00-US00000000000000,
Media Player,PS4,17891328,11/10/2015,https://store.playstation.com/en-us/product/IP9100-CUSA02012_00-PS4MEDIAPLAYER00,
Dragon Fin Soup,PS4,485490688,11/6/2015,https://store.playstation.com/en-us/product/UP2186-PCSE00447_00-GRIMMBROS1DFS002,
MAGICKA® 2,PS4,2236809216,11/6/2015,https://store.playstation.com/en-us/product/UP4139-CUSA02421_00-MAMA02GP40000003,
The Nathan Drake Pack,PS4,,10/9/2015,https://store.playstation.com/en-us/product/UP9000-CUSA02320_00-NATHANDRAKEPACK1,
Tales from the Borderlands,PS4,2731343872,10/6/2015,https://store.playstation.com/en-us/product/UP2026-CUSA00870_00-TBL0000000000000,
Super Time Force Ultra,PS4,640548864,9/22/2015,https://store.playstation.com/en-us/product/UP2003-PCSE00698_00-SUPERTIMEFORCEUL,
Teslagrad,PS4,843907072,9/22/2015,https://store.playstation.com/en-us/product/UP4513-PCSE00814_00-TESLAGRAD0000001,
Grow Home,PS4,864681984,9/22/2015,https://store.playstation.com/en-us/product/UP0001-CUSA02904_00-GROWHOMEPS4SCEA0,
Xeodrifter™,PS4,57606144,9/22/2015,https://store.playstation.com/en-us/product/UP1050-PCSE00694_00-XEODRIFTERVITAUS,
LIMBO,PS4,168820736,8/9/2015,https://store.playstation.com/en-us/product/UP2054-CUSA01664_00-PLAYDEADD11LIMBO,
Lara Croft and the Temple of Osiris,PS4,2745434112,8/9/2015,https://store.playstation.com/en-us/product/UP0082-CUSA00794_00-LARACROFT2OSIRIS,
Stealth Inc 2: A Game of Clones,PS4,378273792,8/9/2015,https://store.playstation.com/en-us/product/UP4395-NPUB31632_00-STEALTHINC2PS3SC,
Sound Shapes,PS4,1288241152,8/9/2015,https://store.playstation.com/en-us/product/UP9000-PCSA00003_00-SOUNDSHAPESBNDLE,
Journey,PS4,1909522432,7/21/2015,https://store.playstation.com/en-us/product/UP9000-CUSA00694_00-JOURNEYPS4061115,
MouseCraft,PS4,301531136,7/9/2015,https://store.playstation.com/en-us/product/UP4395-PCSE00420_00-MOUSECRAFTVITA00,
Rocket League®,PS4,1453326336,7/9/2015,https://store.playstation.com/en-us/product/UP2002-CUSA01163_00-ROCKETLEAGUENA01,
Entwined™,PS4,1981218816,7/9/2015,https://store.playstation.com/en-us/product/UP9000-CUSA00571_00-ETWPS40000000000,
Styx: Master of Shadows,PS4,5501091840,7/9/2015,https://store.playstation.com/en-us/product/UP4133-CUSA01052_00-STYXMASTEROFUS01,
DRIVECLUB™ PS+Edition,PS4,,7/9/2015,https://store.playstation.com/en-us/product/UP9000-CUSA00093_00-B000000000000969,
DRIVECLUB™,PS4,15739518976,7/9/2015,https://store.playstation.com/en-us/product/UP9000-CUSA00093_00-B000000000000969,
METAL GEAR SOLID V: GROUND ZEROES,PS4,3902668800,6/2/2015,https://store.playstation.com/en-us/product/UP0101-CUSA00218_00-METALGEARSOLIDGZ,
Skulls of the Shogun,PS4,522715136,6/2/2015,https://store.playstation.com/en-us/product/UP0319-CUSA02050_00-SOTSBONIFIED0000,
Futuridium EP Deluxe,PS4,212992000,6/2/2015,https://store.playstation.com/en-us/product/UP4487-PCSE00495_00-FUTURIDIUMEPDUSA,
Super Exploding Zoo,PS4,698679296,6/2/2015,https://store.playstation.com/en-us/product/UP4078-PCSE00734_00-SUPEREXPZOO00001,
Flower,PS4,727580672,5/16/2015,https://store.playstation.com/en-us/product/UP9000-CUSA00092_00-FLOWERPS4000FULL,
The Wolf Among Us,PS4,4800970752,5/16/2015,https://store.playstation.com/en-us/product/UP2026-CUSA01018_00-TWAU00000000GAME,
Race The Sun,PS4,138346496,5/12/2015,https://store.playstation.com/en-us/product/UP2127-CUSA00708_00-RACETHESUNPS4001,
The Unfinished Swan,PS4,1396965376,5/12/2015,https://store.playstation.com/en-us/product/UP9000-CUSA00695_00-UNFINISHEDSWANP4,
Hohokum,PS4,2908094464,5/12/2015,https://store.playstation.com/en-us/product/UP9000-CUSA00091_00-HOHOKUMGAMEPKG01,
Guacamelee! Super Turbo Championship Edition,PS4,791216128,5/5/2015,https://store.playstation.com/en-us/product/UP2045-CUSA00151_00-GUACSTCE00000000,
Ether One,PS4,3588489216,5/5/2015,https://store.playstation.com/en-us/product/UP0943-CUSA02503_00-ETHERONEGAMEPS4E,
Trine Enchanted Edition,PS4,1304887296,4/17/2015,https://store.playstation.com/en-us/product/UP4029-CUSA01135_00-ENCHANTEDEDITION,
Aaru's Awakening,PS4,1681915904,4/14/2015,https://store.playstation.com/en-us/product/UP2144-CUSA01162_00-AARUSAWAKENINGA4,
Never Alone,PS4,2841378816,4/14/2015,https://store.playstation.com/en-us/product/UP2159-CUSA01305_00-NEVERALONEPS4000,
Tower of Guns,PS4,2446589952,4/14/2015,https://store.playstation.com/en-us/product/UP4151-CUSA01548_00-00000TOWEROFGUNS,
Assassin’s Creed® IV Black Flag Characters Pack,PS4,3014656,3/17/2015,https://store.playstation.com/en-us/product/UP0001-CUSA00010_00-SPACBFMPDLCCHAR1,
OlliOlli2: Welcome to Olliwood,PS4,139001856,3/5/2015,https://store.playstation.com/en-us/product/UP4409-PCSE00479_00-OLLIOLLIOLLITWO2,
CounterSpy™,PS4,1484324864,3/5/2015,https://store.playstation.com/en-us/product/UP9000-PCSA00116_00-COUNTERSPYVITA00,
Valiant Hearts: The Great War,PS4,1275592704,3/5/2015,https://store.playstation.com/en-us/product/UP0001-CUSA00478_00-VALIANTHEARTS001,
Oddworld: New 'n' Tasty,PS4,4781637632,3/5/2015,https://store.playstation.com/en-us/product/UP4134-PCSE00394_00-ODDWORLDNEWTASTY,
Assassin's Creed® Unity: Dead Kings,PS4,8005156864,2/17/2015,https://store.playstation.com/en-us/product/UP0001-CUSA00663_00-DLCUNDEADKINGS00,
Assassin’s Creed® Unity Underground Armory Pack,PS4,1114112,2/17/2015,https://store.playstation.com/en-us/product/UP0001-CUSA00663_00-DLCULCPACK000002,
Transistor,PS4,2584018944,2/4/2015,https://store.playstation.com/en-us/product/UP2125-CUSA00502_00-TRANSISTORGAME00,
Rogue Legacy PS4™,PS4,775815168,2/4/2015,https://store.playstation.com/en-us/product/UP4488-PCSE00449_00-CDGROGUELEGACY01,
Apotheon,PS4,577503232,2/4/2015,https://store.playstation.com/en-us/product/UP4525-CUSA01237_00-00APOTHEONFORPS4,
PlayStation™Now,PS4,18808832,1/6/2015,https://store.playstation.com/en-us/product/UP9000-CUSA01834_00-PSNOWDYNAMICTHEM,
inFAMOUS First Light™,PS4,9316728832,1/6/2015,https://store.playstation.com/en-us/product/UP9000-CUSA00575_00-FIRSTLIGHTSHIP00,
The Swapper,PS4,410517504,1/6/2015,https://store.playstation.com/en-us/product/UP4395-PCSE00387_00-THESWAPPER000000,
Injustice: Gods Among Us Ultimate Edition,PS4,21984706560,12/25/2014,https://store.playstation.com/en-us/product/UP1018-CUSA00079_00-INJUSTICEULTIMAT,
Secret Ponchos,PS4,1232207872,12/25/2014,https://store.playstation.com/en-us/product/UP2117-CUSA00313_00-SECRETPONCHOSXXX,
Titan Attacks!,PS4,141295616,12/25/2014,https://store.playstation.com/en-us/product/UP4395-PCSE00388_00-TITANPACKVITAUSA,
The Walking Dead: Season 2,PS4,4281860096,12/25/2014,https://store.playstation.com/en-us/product/UP2026-CUSA01017_00-TWDS20000000GAME,
The Walking Dead: Season 1,PS4,4442554368,12/25/2014,https://store.playstation.com/en-us/product/UP2026-CUSA01019_00-TWDS10000000GAME,
Plants vs Zombies Garden Warfare,PS4,13964476416,12/7/2014,https://store.playstation.com/en-us/product/UP0006-CUSA00453_00-PVZGWPS400000000,
The Last of Us™ Remastered,PS4,43543363584,11/27/2014,https://store.playstation.com/en-us/product/UP9000-CUSA00552_00-THELASTOFUS00000,
The Binding of Isaac: Rebirth,PS4,499646464,11/26/2014,https://store.playstation.com/en-us/product/UP2103-CUSA00792_00-BINDINGOFISAACP4,
Rectangular,PS4,25952256,11/20/2014,https://store.playstation.com/en-us/product/UT0014-CUSA01474_00-CDCTHEMEA0000001,
Assassin’s Creed® IV Black Flag Freedom Cry,PS4,3761635328,11/16/2014,https://store.playstation.com/en-us/product/UP0001-CUSA00010_00-ACBFDLCSP0000001,
Assassin’s Creed® Unity The American Prisoner Mission,PS4,1114112,11/11/2014,https://store.playstation.com/en-us/product/UP0001-CUSA00663_00-ULCGAMEPLAY00002,
Assassin’s Creed® Unity Siege of Maastricht Hood,PS4,1114112,11/11/2014,https://store.playstation.com/en-us/product/UP0001-CUSA00663_00-ULCGEAR000000002,
Assassin’s Creed® Unity Parade Pistol,PS4,1114112,11/11/2014,https://store.playstation.com/en-us/product/UP0001-CUSA00663_00-ULCWEAPON0000008,
Assassin’s Creed® Unity Arno's French Rapier,PS4,1114112,11/11/2014,https://store.playstation.com/en-us/product/UP0001-CUSA00663_00-ULCWEAPON0000012,
Dust: An Elysian Tail,PS4,1296171008,10/11/2014,https://store.playstation.com/en-us/product/UP4526-CUSA01326_00-DUSTAETPS4000000,
Spelunky,PS4,346619904,10/11/2014,https://store.playstation.com/en-us/product/UP4407-NPUB31288_00-SPELUNKYKEY00000,
P.T.,PS4,1354432512,9/27/2014,https://store.playstation.com/en-us/product/UP4511-CUSA01127_00-PPPPPPPPTTTTTTTT,
Velocity®2X,PS4,2370306048,9/7/2014,https://store.playstation.com/en-us/product/UP4143-PCSE00374_00-FUTURLABV2XVITA0,
Sportsfriends,PS4,454492160,9/7/2014,https://store.playstation.com/en-us/product/UP4471-NPUB31524_00-SPORTSFRIENDS000,
VUDU™ HD Movies,PS4,16580608,9/1/2014,https://store.playstation.com/en-us/product/UT0015-CUSA00096_00-VUDU000000000000,
Doki-Doki Universe™,PS4,538509312,7/17/2014,https://store.playstation.com/en-us/product/UP9000-CUSA00036_00-DOKIDLCTHEGAME01,
Strider,PS4,2890661888,7/17/2014,https://store.playstation.com/en-us/product/UP0102-CUSA00057_00-STRUSHG4TRIAL001,
TowerFall Ascension,PS4,330694656,7/15/2014,https://store.playstation.com/en-us/product/UP2120-CUSA00466_00-0000TOWERFALLPS4,
PixelJunk™ Shooter Ultimate,PS4,472907776,6/21/2014,https://store.playstation.com/en-us/product/UP4415-CUSA00657_00-SHOOTERULTIMATE0,
Trine 2: Complete Story,PS4,2643066880,6/21/2014,https://store.playstation.com/en-us/product/UP4029-CUSA00234_00-TRINE2COMPLETE00,
Dead Nation™: Apocalypse Edition,PS4,2336882688,3/19/2014,https://store.playstation.com/en-us/product/UP9000-CUSA00236_00-DEADNATIONGAME01,
WWE,PS4,44892160,2/22/2014,https://store.playstation.com/en-us/product/UT0025-CUSA00429_00-WWE0000000000001,
Outlast,PS4,4300865536,2/8/2014,https://store.playstation.com/en-us/product/UP2113-CUSA00325_00-OUTLAST000000000,
Blacklight: Retribution,PS4,4909301760,2/8/2014,https://store.playstation.com/en-us/product/UP2102-CUSA00042_00-BLACKLIGHT2ORBIS,
Redbox Instant,PS4,40239104,11/20/2013,https://store.playstation.com/en-us/product/UT0022-CUSA00145_00-ZZZZZZZZZZZZZRBI,
Netflix,PS4,26214400,11/16/2013,https://store.playstation.com/en-us/product/UT0007-CUSA00129_00-NETFLIXPOLLUX001,
Warframe,PS4,4191027200,11/16/2013,https://store.playstation.com/en-us/product/UP2097-CUSA00080_00-WARFRAMEFINAL001,
Contrast,PS4,2341076992,11/16/2013,https://store.playstation.com/en-us/product/UP2092-CUSA00011_00-CONTRASTUS000001,
RESOGUN™,PS4,460849152,11/16/2013,https://store.playstation.com/en-us/product/UP9000-CUSA00038_00-B000000000001730,,
Assassin’s Creed® IV Black Flag Uplay Passport,PS4,1114112,11/16/2013,https://store.playstation.com/en-us/product/UP0001-CUSA00010_00-B000000000000108,
Assassin's Creed® IV Black Flag,PS4,20637745152,11/16/2013,https://store.playstation.com/en-us/product/UP0001-CUSA00010_00-B000000000000108,
Assassin’s Creed® IV Black Flag Aveline’s Mission,PS4,609288192,11/16/2013,https://store.playstation.com/en-us/product/UP0001-CUSA00010_00-B000000000000108,
Middle-earth™: Shadow of Mordor™,PS4,999999999999,11/11/2013,https://store.playstation.com/en-us/product/UP1018-CUSA00102_00-THEBRIGHTLORDDL2,
God of War™,PS4,999999999999,3/10/2019,https://store.playstation.com/en-us/product/UP9000-CUSA07408_00-DYNAMICTHEME0002,
LittleBigPlanet™2,PS4,999999999999,4/11/2016,https://store.playstation.com/en-us/product/UP9000-BCUS98245_00-LBPDLCMOVELK0001,
Assassin’s Creed® Syndicate,PS4,999999999999,10/30/2016,https://store.playstation.com/en-us/product/UP0001-CUSA02389_00-ULCGAMEPLAY00002,
Assassin’s Creed® Unity,PS4,999999999999,10/30/2016,https://store.playstation.com/en-us/product/UP0001-CUSA00663_00-ULCWEAPON0000008,
Battlefield 4™,PS4,999999999999,10/30/2016,https://store.playstation.com/en-us/product/UP0006-CUSA00110_00-XPACK10000000000,
LittleBigPlanet™3,PS4,999999999999,10/30/2016,https://store.playstation.com/en-us/product/UP9000-CUSA00473_00-LBP3GAME00000001,
THE PLAYROOM,PS4,999999999999,1/15/2018,https://store.playstation.com/en-us/product/IP9100-CUSA00001_00-PLAYROOM0DLC0SM0,
Sid Meier's Civilization VI,PS4,999999999999,2/12/2020,https://store.playstation.com/en-us/product/UP1001-CUSA15322_00-CIV6DLC600000000,
Middle-earth™: Shadow of War™,PS4,999999999999,6/4/2020,https://store.playstation.com/en-us/product/UP1018-CUSA04408_00-HDLITHLAD0000001,
Red Dead Redemption 2,PS4,999999999999,5/28/2020,https://store.playstation.com/en-us/product/UP1004-CUSA03041_00-UTH0000000007495,
KILLZONE™ SHADOW FALL,PS4,999999999999,11/29/2018,https://store.playstation.com/en-us/product/UP9000-CUSA00190_00-MPEXPANSION00002,
Grand Theft Auto: The Trilogy,PS4,999999999999,4/16/2020,https://store.playstation.com/en-us/product/UP1004-CUSA03506_00-GTATRILBUNDLEPS4,
PlayStation® Wrap-Up,PS4,999999999999,2/2/2021,https://store.playstation.com/en-us/product/UT0016-CUSA06833_00-PS2020WRAPUPTHME,
Battlefield™ 1,PS4,999999999999,5/6/2018,https://store.playstation.com/en-us/product/UP0006-CUSA02429_00-XPACK01000000000,
Assassin's Creed® Origins,PS4,999999999999,4/28/2018,https://store.playstation.com/en-us/product/UP0001-CUSA05855_00-DLCITEMPACK00001,
Assassin’s Creed® Chronicles,PS4,999999999999,3/26/2017,https://store.playstation.com/en-us/product/UP0001-NPUB50322_00-B000000000001785,
Assassin's Creed Valhalla,PS4,999999999999,11/15/2020,https://store.playstation.com/en-us/product/UP0001-CUSA18522_00-EXPANSIONPASS000,
Uncharted Extras,PS4,999999999999,11/19/2017,https://store.playstation.com/en-us/product/UP9000-CUSA07737_00-UNCHARTED10BUNDL,
Assassin's Creed® Odyssey,PS4,999999999999,2/12/2020,https://store.playstation.com/en-us/product/UP0001-CUSA09311_00-DLCEXPANSION2C03,
Fallout 4,PS4,999999999999,5/20/2016,https://store.playstation.com/en-us/product/UP1003-CUSA02557_00-FALLOUT4DLC00003,
Marvel's Spider-Man,PS4,999999999999,12/29/2019,https://store.playstation.com/en-us/product/UP9000-CUSA02299_00-000000000000DLC3,